:020000040800F2
:10000000008001209D180008711400087914000870
:1000100081140008891400089114000800000000F1
:10002000000000000000000000000000991400081B
:10003000A714000800000000B5140008C31400084D
:10004000ED180008ED180008ED180008ED1800087C
:10005000ED180008ED180008ED180008ED1800086C
:10006000ED180008ED180008ED180008ED1800085C
:10007000ED180008ED180008ED180008ED1800084C
:10008000ED180008ED180008ED1800080000000049
:10009000000000000000000000000000ED18000853
:1000A000ED180008ED180008ED180008ED1800081C
:1000B000ED180008ED180008ED180008ED1800080C
:1000C000ED180008ED180008ED180008ED180008FC
:1000D000ED180008ED180008ED18000800000000F9
:1000E000ED180008ED180008ED18000800000000E9
:1000F000000000000000000000000000ED180008F3
:1001000000000000ED180008ED180008ED180008C8
:1001100000000000000000000000000000000000DF
:10012000ED180008ED180008D1140008ED180008BB
:10013000ED180008000000000000000000000000B2
:10014000000000000000000000000000ED180008A2
:10015000ED180008ED180008ED180008ED1800086B
:10016000ED180008ED180008000000000000000075
:10017000000000000000000000000000000000007F
:1001800000000000ED180008000000000000000062
:04019000ED1800085E
:1001A00010B5054C237833B9044B13B10448AFF3B1
:1001B00000800123237010BDD40100200000000046
:1001C000788A000808B5034B1BB103490348AFF315
:1001D000008008BD00000000D8010020788A0008D7
:1001E00001F0FF01102A2BDB10F0070F08D010F8E8
:1001F000013B013A8B422DD010F0070F42B3F6D1EC
:10020000F0B441EA012141EA014122F007047FF004
:1002100000070023F0E80256083C85EA010586EA5B
:10022000010685FA47F5A3FA87F586FA47F6A5FA97
:1002300087F68EB9EED1F0BC01F0FF0102F00702A3
:1002400032B110F8013B013A83EA010313B1F8D14E
:100250000020704701387047002D06BF354603382F
:10026000073815F0010F07D1013015F4807F02BF68
:10027000013015F4C03F0130F0BC0138704700BFB9
:10028000034613F8012B002AFBD1181A01387047D6
:1002900081F0004102E000BF83F0004330B54FEA37
:1002A00041044FEA430594EA050F08BF90EA020FA4
:1002B0001FBF54EA000C55EA020C7FEA645C7FEA37
:1002C000655C00F0E2804FEA5454D4EB5555B8BF5A
:1002D0006D420CDD2C4480EA020281EA030382EACB
:1002E000000083EA010180EA020281EA0303362D5D
:1002F00088BF30BD11F0004F4FEA01314FF4801C30
:100300004CEA113102D0404261EB410113F0004F41
:100310004FEA03334CEA133302D0524263EB4303F8
:1003200094EA050F00F0A780A4F10104D5F1200E96
:100330000DDB02FA0EFC22FA05F2801841F10001F1
:1003400003FA0EF2801843FA05F359410EE0A5F1C5
:1003500020050EF1200E012A03FA0EFC28BF4CF0F6
:10036000020C43FA05F3C01851EBE37101F00045AC
:1003700007D54FF0000EDCF1000C7EEB00006EEBB9
:100380000101B1F5801F1BD3B1F5001F0CD3490843
:100390005FEA30004FEA3C0C04F101044FEA44529A
:1003A00012F5800F80F09A80BCF1004F08BF5FEA21
:1003B000500C50F1000041EB045141EA050130BD01
:1003C0005FEA4C0C404141EB0101013C28BFB1F513
:1003D000801FE9D291F0000F04BF01460020B1FA5E
:1003E00081F308BF2033A3F10B03B3F120020CDA31
:1003F0000C3208DD02F1140CC2F10C0201FA0CF00F
:1004000021FA02F10CE002F11402D8BFC2F1200C73
:1004100001FA02F120FA0CFCDCBF41EA0C01904029
:10042000E41AA2BF01EB0451294330BD6FEA040472
:100430001F3C1CDA0C340EDC04F11404C4F120025D
:1004400020FA04F001FA02F340EA030021FA04F36F
:1004500045EA030130BDC4F10C04C4F1200220FAC6
:1004600002F001FA04F340EA0300294630BD21FA04
:1004700004F0294630BD94F0000F83F4801306BFCA
:1004800081F480110134013D4EE77FEA645C18BFBE
:100490007FEA655C29D094EA050F08BF90EA020F55
:1004A00005D054EA000C04BF1946104630BD91EA4D
:1004B000030F1EBF0021002030BD5FEA545C05D150
:1004C0004000494128BF41F0004130BD14F580048F
:1004D0003CBF01F5801130BD01F0004545F0FE4103
:1004E00041F470014FF0000030BD7FEA645C1ABF38
:1004F000194610467FEA655C1CBF0B46024650EA6F
:10050000013406BF52EA033591EA030F41F400219A
:1005100030BD00BF90F0000F04BF0021704730B520
:100520004FF4806404F132044FF000054FF00001F5
:1005300050E700BF90F0000F04BF0021704730B5B6
:100540004FF4806404F1320410F0004548BF40428B
:100550004FF000013EE700BF42004FEAE2014FEAE0
:1005600031014FEA02701FBF12F07F4393F07F4FBB
:1005700081F06051704732F07F4208BF704793F0BE
:100580007F4F04BF41F40021704730B54FF46074D1
:1005900001F0004521F000411CE700BF50EA0102D4
:1005A00008BF704730B54FF000050AE050EA01027D
:1005B00008BF704730B511F0004502D5404261EBED
:1005C00041014FF4806404F132045FEA915C3FF42E
:1005D000D8AE4FF003025FEADC0C18BF03325FEACB
:1005E000DC0C18BF033202EBDC02C2F1200300FA7C
:1005F00003FC20FA02F001FA03FE40EA0E0021FAA1
:1006000002F11444BDE600BF70B54FF0FF0C4CF48E
:10061000E06C1CEA11541DBF1CEA135594EA0C0F40
:1006200095EA0C0F00F0DEF82C4481EA030621EA7B
:100630004C5123EA4C5350EA013518BF52EA0335B6
:1006400041F4801143F4801338D0A0FB02CE4FF068
:100650000005E1FB02E506F00042E0FB03E54FF098
:100660000006E1FB03569CF0000F18BF4EF0010E90
:10067000A4F1FF04B6F5007F64F5407404D25FEA8C
:100680004E0E6D4146EB060642EAC62141EA55513F
:100690004FEAC52040EA5E504FEACE2EB4F1FD0C81
:1006A00088BFBCF5E06F1ED8BEF1004F08BF5FEAFF
:1006B000500E50F1000041EB045170BD06F00046B1
:1006C00046EA010140EA020081EA0301B4EB5C045E
:1006D000C2BFD4EB0C0541EA045170BD41F4801156
:1006E0004FF0000E013C00F3AB8014F1360FDEBF7B
:1006F000002001F0004170BDC4F10004203C35DA57
:100700000C341BDC04F11404C4F1200500FA05F3D9
:1007100020FA04F001FA05F240EA020001F000427A
:1007200021F0004110EBD37021FA04F642EB0601F0
:100730005EEA430E08BF20EAD37070BDC4F10C041A
:10074000C4F1200500FA04F320FA05F001FA04F2DE
:1007500040EA020001F0004110EBD37041F10001CA
:100760005EEA430E08BF20EAD37070BDC4F12005D5
:1007700000FA05F24EEA020E20FA04F301FA05F23D
:1007800043EA020321FA04F001F0004121FA04F2E5
:1007900020EA020000EBD3705EEA430E08BF20EAB5
:1007A000D37070BD94F0000F0FD101F000464000EF
:1007B00041EB010111F4801F08BF013CF7D041EA71
:1007C000060195F0000F18BF704703F00046520075
:1007D00043EB030313F4801F08BF013DF7D043EA46
:1007E0000603704794EA0C0F0CEA135518BF95EAFC
:1007F0000C0F0CD050EA410618BF52EA4306D1D183
:1008000081EA030101F000414FF0000070BD50EAA1
:10081000410606BF1046194652EA430619D094EA2B
:100820000C0F02D150EA013613D195EA0C0F05D115
:1008300052EA03361CBF104619460AD181EA030169
:1008400001F0004141F0FE4141F470014FF0000021
:1008500070BD41F0FE4141F4780170BD70B54FF0BC
:10086000FF0C4CF4E06C1CEA11541DBF1CEA13553C
:1008700094EA0C0F95EA0C0F00F0A7F8A4EB05041E
:1008800081EA030E52EA03354FEA013100F0888015
:100890004FEA03334FF0805545EA131343EA1263DE
:1008A0004FEA022245EA111545EA10654FEA002693
:1008B0000EF000419D4208BF964244F1FD0404F54C
:1008C000407402D25B084FEA3202B61A65EB0305A8
:1008D0005B084FEA32024FF480104FF4002CB6EB65
:1008E000020E75EB030E22BFB61A754640EA0C00E5
:1008F0005B084FEA3202B6EB020E75EB030E22BF25
:10090000B61A754640EA5C005B084FEA3202B6EB65
:10091000020E75EB030E22BFB61A754640EA9C0024
:100920005B084FEA3202B6EB020E75EB030E22BFF4
:10093000B61A754640EADC0055EA060E18D04FEAB2
:10094000051545EA16754FEA06164FEAC30343EA52
:1009500052734FEAC2025FEA1C1CC0D111F4801F1F
:100960000BD141EA00014FF000004FF0004CB6E718
:1009700011F4801F04BF01430020B4F1FD0C88BFB7
:10098000BCF5E06F3FF6AFAEB5EB030C04BFB6EBC2
:10099000020C5FEA500C50F1000041EB045170BDB5
:1009A0000EF0004E4EEA113114EB5C04C2BFD4EBE2
:1009B0000C0541EA045170BD41F480114FF0000E66
:1009C000013C90E645EA060E8DE60CEA135594EAE2
:1009D0000C0F08BF95EA0C0F3FF43BAF94EA0C0FE5
:1009E0000AD150EA01347FF434AF95EA0C0F7FF45A
:1009F00025AF104619462CE795EA0C0F06D152EAAE
:100A000003353FF4FDAE1046194622E750EA410691
:100A100018BF52EA43067FF4C5AE50EA41047FF4A2
:100A20000DAF52EA43057FF4EBAE12E74FF0FF3C07
:100A300006E000BF4FF0010C02E000BF4FF0010CD8
:100A40004DF804CD4FEA410C7FEA6C5C4FEA430C51
:100A500018BF7FEA6C5C1BD001B050EA410C0CBFA0
:100A600052EA430C91EA030F02BF90EA020F002002
:100A7000704710F1000F91EA030F58BF994208BF69
:100A800090422CBFD8176FEAE37040F00100704726
:100A90004FEA410C7FEA6C5C02D150EA013C07D17D
:100AA0004FEA430C7FEA6C5CD6D152EA033CD3D0C8
:100AB0005DF8040B704700BF8446104662468C46C2
:100AC0001946634600E000BF01B5FFF7B7FF0028F5
:100AD00048BF10F1000F01BD4DF808EDFFF7F4FF1E
:100AE0000CBF012000205DF808FB00BF4DF808EDA9
:100AF000FFF7EAFF34BF012000205DF808FB00BFCC
:100B00004DF808EDFFF7E0FF94BF012000205DF8ED
:100B100008FB00BF4DF808EDFFF7CEFF94BF0120A2
:100B200000205DF808FB00BF4DF808EDFFF7C4FF9B
:100B300034BF012000205DF808FB00BF4FEA410CE4
:100B40007FEA6C5C02D150EA013C0AD14FEA430CC7
:100B50007FEA6C5C02D152EA033C02D14FF0000004
:100B600070474FF0010070474FEA410212F5001242
:100B700015D211D56FF47873B3EB625212D94FEAE4
:100B8000C12343F0004343EA505311F0004F23FACE
:100B900002F018BF404270474FF00000704750EA23
:100BA000013005D111F0004008BF6FF000407047E0
:100BB0004FF00000704700BF4A0011D212F500123A
:100BC00011D20DD56FF47873B3EB62520ED44FEAA5
:100BD000C12343F0004343EA505323FA02F0704725
:100BE0004FF00000704750EA013002D14FF0FF3063
:100BF00070474FF0000070474FEA4102B2F1E04306
:100C000024BFB3F5001CDCF1FE5C0DD901F0004CF3
:100C10004FEAC0024CEA5070B2F1004F40EB830043
:100C200008BF20F00100704711F0804F21D113F16F
:100C30003872BCBF01F00040704741F480114FEAA8
:100C40005252C2F11802C2F1200C10FA0CF320FA31
:100C500002F018BF40F001004FEAC1234FEAD3234E
:100C600003FA0CFC40EA0C0023FA02F34FEA4303B8
:100C7000CCE77FEA625307D150EA01331EBF4FF041
:100C8000FE4040F44000704701F0004040F0FE405C
:100C900040F40000704700BF53B94AB9002908BFAB
:100CA00000281CBF4FF0FF314FF0FF3000F0A0B91B
:100CB000ADF1080C6DE904CE00F03CF8DDF804E07D
:100CC000DDE9022304B0704738B500220023044652
:100CD0000D46FFF70BFF28B920462946BDE83840EE
:100CE00000F00AB8204605F1004100F005F8404246
:100CF00061EB410138BD00BFD0B50C4B0022064668
:100D00000F46FFF781FCFFF757FF0446FFF702FC91
:100D1000074B0022FFF778FC02460B463046394667
:100D2000FFF7BAFAFFF748FF2146D0BD0000F03DBB
:100D30000000F0412DE9F047089D0C46002B4ED1F4
:100D400094468C458646B2FA82F262D94AB1C2F123
:100D50002003914020FA03F30CFA02FC194300FA35
:100D600002FE4FEA1C471FFA8CF6B1FBF7F44FEA7C
:100D70001E4307FB141143EA014304FB06F19942A9
:100D80000AD91CEB030304F1FF3080F01281994271
:100D900040F20F81023C6344591A1FFA8EF3B1FBF3
:100DA000F7F007FB101143EA014300FB06F69E42F1
:100DB0000AD91CEB030300F1FF3180F0FC809E4256
:100DC00040F2F980634402389B1B40EA0440002152
:100DD0001DB1D3400022C5E90032BDE8F0878B4247
:100DE00005D90DB1C5E9000100210846F5E7B3FAC0
:100DF00083F1002946D1A34202D39042C0F0F08093
:100E0000861A64EB03030120002DE6D0C5E90063D8
:100E1000E3E7002A40F09080A1EB0C044FEA1C4865
:100E20001FFA8CF70121B4FBF8F64FEA1E4308FBCA
:100E3000164443EA044307FB06F0984208D91CEB2A
:100E4000030306F1FF3402D2984200F2CD80264619
:100E50001C1A1FFA8EF3B4FBF8F008FB104443EAA7
:100E6000044300FB07F79F4208D91CEB030300F182
:100E7000FF3402D29F4200F2B0802046DB1B40EAE2
:100E80000640A5E7C1F120068B4022FA06F71F4372
:100E900020FA06FC04FA01F343EA0C03F44000FADA
:100EA00001F8380C4FEA1349B4FBF0FE1FFA87FC37
:100EB00000FB1E4449EA04440EFB0CF9A14502FA6A
:100EC00001F20AD93C190EF1FF3A80F08480A14565
:100ED00040F28180AEF1020E3C44A4EB09041FFAFB
:100EE00083F9B4FBF0F300FB134449EA044403FB29
:100EF0000CFCA44507D93C1903F1FF3067D2A44587
:100F000065D9023B3C4443EA0E40A0FB0293A4EBAC
:100F10000C049C42CE469C4651D34ED055B1B8EB02
:100F20000E0364EB0C0404FA06F6CB401E43CC40DF
:100F3000C5E90064002150E7C2F1200320FA03F163
:100F40000CFA02FC24FA03F394400C434FEA1C48C9
:100F500000FA02FE1FFA8CF7B3FBF8F008FB103121
:100F6000230C43EA014300FB07F1994208D91CEB2B
:100F7000030300F1FF362CD299422AD90238634488
:100F80005B1AA4B2B3FBF8F108FB113344EA034443
:100F900001FB07F3A34208D91CEB040401F1FF365F
:100FA00013D2A34211D902396444E41A41EA004140
:100FB00039E70446F0E6084606E7C845AED2B9EB85
:100FC000020E63EB070C0138A8E73146EDE7034654
:100FD00099E73046D4E7D6467FE7634402384DE7C9
:100FE0000646234608460FE7023E634430E700BF4B
:100FF000704700BF80B582B000AF00237B600C4B10
:101000001B6B0B4A43F480031363094B1B6B03F404
:1010100080037B607B68002200213A2000F0D9FD2C
:101020003A2000F0F2FD00BF0837BD4680BD00BF8A
:101030000038024080B485B000AF0023FB60174B3E
:101040001B6B164A43F004031363144B1B6B03F032
:101050000403FB60FB680023BB60104B1B6B0F4A53
:1010600043F0800313630D4B1B6B03F08003BB60E5
:10107000BB6800237B60094B1B6B084A43F00103EC
:101080001363064B1B6B03F001037B607B6800BF9F
:101090001437BD465DF8047B704700BF003802403E
:1010A00080B500AF00F024FC00F02CF8FFF7C2FF81
:1010B000FFF7A0FF00F0EEFA00F016FB4FF42F72DE
:1010C0000C490D4801F0E3FF4FF0FF3303220B49B9
:1010D0000B4801F051FF4FF0FF3303220749084846
:1010E00001F04AFF00F088F84FF47A7000F072FCCB
:1010F00000BFF0E7F00100205C080020908A0008A3
:10110000A408002080B594B000AF07F1200330227E
:101110000021184603F0BBFC07F10C0300221A6003
:101120005A609A60DA601A610023BB60284B1B6C1E
:10113000274A43F080531364254B1B6C03F0805304
:10114000BB60BB6800237B60224B1B6823F44043D9
:10115000204A43F4004313601E4B1B6803F44043D2
:101160007B607B6802233B620123FB6210233B63AD
:101170000223BB630023FB6308233B6440237B649F
:101180000223BB640423FB6407F12003184601F02B
:101190004BFA0346002B01D000F03CF90F23FB6013
:1011A00002233B6190237B614FF48053BB6100239A
:1011B000FB6107F10C030021184601F0ADFC03466A
:1011C000002B01D000F026F900BF5037BD4680BD8E
:1011D000003802400070004080B483B000AF7860F7
:1011E000044B01221A7000BF0C37BD465DF8047B2A
:1011F000704700BF3408002080B582B002AF2C4B8E
:101200001B78012B51D12B4B00221A602A492B4805
:1012100003F0D3FC2A49294803F041FC0346294A3C
:101220001360284B1B681B78472B3ED1254B1A684F
:10123000204B1B681178244AD1541E4B1B68013384
:101240001C4A13601F4B1B681A4A12681A441D4B34
:101250001B6812781A701B4B1B681B780A2BE5D190
:10126000144B1B68184A0021D15400BF174B009340
:10127000174B184A1849144803F09AFB154BD3ED45
:10128000007A134B93ED007A104BD3ED006AB0EE69
:10129000661AF0EE470AB0EE670A00F01FF8012068
:1012A00000F098FB024B00221A7000BFBD4680BDC3
:1012B0003408002038080020F0010020E00400205D
:1012C000948A00083C080020D0070020480800202D
:1012D00044080020400800209C8A00082DE9F041C5
:1012E000A4B006AF87ED030AC7ED020A87ED011A25
:1012F000D7ED037AFDEEE77A17EE901A3A4B83FBAF
:1013000001231A13CB17D31A384A1360374B1B68C3
:1013100042F2107202FB03F307EE903AF8EEE77A1E
:1013200097ED037A77EE677AFDEEE77A17EE901A7B
:101330002F4B83FB01235A11CB17D31A2D4A13606D
:101340002C4B1B68294A126802FB03F32A4A02FB52
:1013500003F307EE903AF8EEE77A97ED037A77EE2B
:10136000677AFDEEE77A17EE902A244B1A601F4B3E
:101370001B6803F103081F4B1B683B601F4B1E6873
:101380001F4B1B681846FFF7E7F804460D461D4B38
:101390001B681846FFF7E0F802460B4607F11400F9
:1013A000CDE90423CDE9024500963B684246164943
:1013B00003F0DEFA07F114031846FEF761FF034657
:1013C0009AB207F114014FF0FF33104801F0D4FD39
:1013D0004FF0FF3303220E490C4801F0CDFD00BF52
:1013E0007837BD46BDE8F081AD8BDB684C08002046
:1013F0001F85EB515008002040420F005408002088
:101400004408002048080020B88A0008A4080020EA
:10141000E48A000880B400AF72B600BF00BFFDE7E9
:1014200080B483B000AF00237B60104B5B6C0F4A2D
:1014300043F4804353640D4B5B6C03F480437B6047
:101440007B6800233B60094B1B6C084A43F08053C8
:101450001364064B1B6C03F080533B603B6800BF7A
:101460000C37BD465DF8047B704700BF0038024072
:1014700080B400AF00BFFDE780B400AF00BFFDE760
:1014800080B400AF00BFFDE780B400AF00BFFDE750
:1014900080B400AF00BFFDE780B400AF00BFBD4621
:1014A0005DF8047B704780B400AF00BFBD465DF8B7
:1014B000047B704780B400AF00BFBD465DF8047B7D
:1014C000704780B500AF00F065FA00BF80BD000036
:1014D00080B500AF024800F0B9FC00BF80BD00BF7E
:1014E000EC08002080B400AF01231846BD465DF82B
:1014F000047B704780B582B000AF7860396003F03C
:101500002FFB034616221A604FF0FF3318460837A8
:10151000BD4680BD80B582B000AF78604FF0FF312E
:101520007868FFF7E7FF00BFFDE780B586B000AF42
:10153000F860B9607A6000237B610AE0AFF3008055
:101540000146BB685A1CBA60CAB21A707B69013383
:101550007B617A697B689A42F0DB7B6818461837B2
:10156000BD4680BD80B586B000AFF860B9607A60D6
:1015700000237B6109E0BB685A1CBA601B781846DF
:10158000AFF300807B6901337B617A697B689A42A3
:10159000F1DB7B6818461837BD4680BD80B483B048
:1015A00000AF78604FF0FF3318460C37BD465DF84A
:1015B000047B704780B483B000AF786039603B68CB
:1015C0004FF400525A60002318460C37BD465DF8B0
:1015D000047B704780B483B000AF78600123184665
:1015E0000C37BD465DF8047B704780B485B000AF12
:1015F000F860B9607A60002318461437BD465DF87C
:10160000047B704780B586B000AF7860144A154BF4
:10161000D31A7B617B693B61134B1B68002B02D1A2
:10162000114B124A1A60104B1A687B6813443A69CE
:101630009A4207D203F094FA03460C221A604FF044
:10164000FF3309E0084B1B68FB60074B1A687B6897
:101650001344054A1360FB6818461837BD4680BD21
:10166000008001200004000058080020A00A00208B
:1016700080B400AF064BD3F88830054A43F47003BA
:10168000C2F8883000BFBD465DF8047B704700BFDC
:1016900000ED00E080B500AF114B124A1A60104B0C
:1016A0004FF416525A600E4B00229A600C4B0022E7
:1016B000DA600B4B00221A61094B0C225A61084B6D
:1016C00000229A61064B0022DA61054801F004FC11
:1016D0000346002B01D0FFF79DFE00BF80BD00BF79
:1016E0005C0800200010014080B500AF114B124A89
:1016F0001A60104B4FF416525A600E4B00229A603B
:101700000C4B0022DA600B4B00221A61094B0C22B1
:101710005A61084B00229A61064B0022DA610548A3
:1017200001F0DAFB0346002B01D0FFF773FE00BF88
:1017300080BD00BFA40800200044004080B58CB0EC
:1017400000AF786007F11C0300221A605A609A60AB
:10175000DA601A617B681B684A4A93425CD10023B5
:10176000BB61494B5B6C484A43F010035364464BE2
:101770005B6C03F01003BB61BB6900237B61424BD0
:101780001B6B414A43F0010313633F4B1B6B03F098
:1017900001037B617B694FF4C063FB6102233B6201
:1017A00000237B620323BB620723FB6207F11C0358
:1017B0001946364800F0B4FD354B364A1A60344BB2
:1017C0004FF000625A60324B00229A60304B002288
:1017D000DA602F4B4FF480621A612D4B00225A6160
:1017E0002B4B00229A612A4B4FF48072DA61284B0E
:1017F00000221A62264B00225A62254800F020FA85
:101800000346002B01D0FFF705FE7B68204ADA6310
:101810001F4A7B68936330E07B681B681E4A9342D3
:101820002BD100233B61184B1B6C174A43F4003348
:101830001364154B1B6C03F400333B613B690023BD
:10184000FB60114B1B6B104A43F0010313630E4BFB
:101850001B6B03F00103FB60FB680C23FB6102239D
:101860003B6200237B620323BB620723FB6207F119
:101870001C031946054800F053FD00BF3037BD4634
:1018800080BD00BF0010014000380240000002404F
:10189000EC0800204064024000440040DFF834D0EF
:1018A000FFF7E6FE0C480D490D4A002302E0D4582C
:1018B000C4500433C4188C42F9D30A4A0A4C00239A
:1018C00001E013600432A242FBD303F04FF9FFF7AB
:1018D000E7FB70470080012000000020D4010020B9
:1018E0006C8F0008D40100209C0A0020FEE7000055
:1018F00080B500AF0E4B1B680D4A43F400731360B4
:101900000B4B1B680A4A43F480631360084B1B6847
:10191000074A43F480731360032000F04FF90F204F
:1019200000F008F8FFF77CFD0023184680BD00BFDB
:10193000003C024080B582B000AF7860124B1A685C
:10194000124B1B7819464FF47A73B3FBF1F3B2FBD9
:10195000F3F3184600F067F90346002B01D001238A
:101960000EE07B680F2B0AD8002279684FF0FF3019
:1019700000F02FF9064A7B681360002300E0012382
:1019800018460837BD4680BD000000200800002032
:101990000400002080B400AF064B1B781A46064BAB
:1019A0001B681344044A136000BFBD465DF8047B06
:1019B000704700BF080000204C09002080B400AF31
:1019C000034B1B681846BD465DF8047B704700BF9B
:1019D0004C09002080B584B000AF7860FFF7EEFFBF
:1019E000B8607B68FB60FB68B3F1FF3F05D00A4B32
:1019F0001B781A46FB681344FB6000BFFFF7DEFF4D
:101A00000246BB68D31AFA689A42F7D800BF00BFF3
:101A10001037BD4680BD00BF0800002080B485B0EF
:101A200000AF78607B6803F00703FB600C4BDB685A
:101A3000BB60BA684FF6FF031340BB60FB681A0235
:101A4000BB68134343F0BF6343F40033BB60044AF5
:101A5000BB68D36000BF1437BD465DF8047B704798
:101A600000ED00E080B400AF044BDB681B0A03F01C
:101A700007031846BD465DF8047B704700ED00E0A3
:101A800080B483B000AF0346FB7197F90730002B99
:101A90000BDBFB7903F01F02074997F907305B095D
:101AA000012000FA02F241F8232000BF0C37BD46A6
:101AB0005DF8047B704700BF00E100E080B483B0B4
:101AC00000AF03463960FB7197F90730002B0ADB42
:101AD0003B68DAB20C4997F907301201D2B20B44D5
:101AE00083F800230AE03B68DAB20849FB7903F087
:101AF0000F03043B1201D2B20B441A7600BF0C371D
:101B0000BD465DF8047B704700E100E000ED00E0B9
:101B100080B489B000AFF860B9607A60FB6803F008
:101B20000703FB61FB69C3F10703042B28BF0423F0
:101B3000BB61FB690433062B02D9FB69033B00E060
:101B400000237B614FF0FF32BB6902FA03F3DA43F3
:101B5000BB681A407B699A404FF0FF317B6901FAFC
:101B600003F3D9437B680B40134318462437BD4623
:101B70005DF8047B7047000080B582B000AF7860EC
:101B80007B68013BB3F1807F01D301230FE00A4A58
:101B90007B68013B53600F214FF0FF30FFF78EFF52
:101BA000054B00229A60044B07221A600023184656
:101BB0000837BD4680BD00BF10E000E080B582B0B0
:101BC00000AF78607868FFF729FF00BF0837BD468F
:101BD00080BD80B586B000AF0346B9607A60FB7304
:101BE00000237B61FFF73EFF78617A68B968786906
:101BF000FFF78EFF024697F90F3011461846FFF7A0
:101C00005DFF00BF1837BD4680BD80B582B000AF14
:101C10000346FB7197F907301846FFF731FF00BF05
:101C20000837BD4680BD80B582B000AF7860786867
:101C3000FFF7A2FF034618460837BD4680BD0000E7
:101C400080B586B000AF786000237B61FFF7B6FEF9
:101C500038617B68002B01D1012399E07B68022267
:101C600083F835207B68002283F834207B681B686A
:101C70001A687B681B6822F001021A600FE0FFF708
:101C80009DFE02463B69D31A052B08D97B682022AA
:101C90005A657B68032283F83520032378E07B684C
:101CA0001B681B6803F00103002BE8D17B681B68ED
:101CB0001B687B617A69384B13407B617B685A688B
:101CC0007B689B681A437B68DB681A437B681B69E7
:101CD0001A437B685B691A437B689B691A437B687C
:101CE000DB691A437B681B6A13437A6913437B6180
:101CF0007B685B6A042B07D17B68DA6A7B681B6BA5
:101D000013437A6913437B617B681B687A691A60A5
:101D10007B681B685B697B617B6923F007037B61E0
:101D20007B685B6A7A6913437B617B685B6A042B1F
:101D300017D17B689B6A7A6913437B617B68DB6A96
:101D4000002B0ED0786800F06FFA0346002B08D005
:101D50007B6840225A657B68012283F83520012385
:101D600016E07B681B687A695A61786800F026FA89
:101D70000346FB607B68DB6D3F229A40FB689A60FC
:101D80007B6800225A657B68012283F83520002396
:101D900018461837BD4680BD3F8010F080B586B02C
:101DA00000AFF860B9607A603B600023FB75FB68A8
:101DB0009B6D3B61FB6893F83430012B01D102230A
:101DC00040E0FB68012283F83420FB6893F835304B
:101DD000DBB2012B2FD1FB68022283F83520FB6890
:101DE00000225A653B687A68B968F86800F0B8F96B
:101DF000FB68DB6D3F229A403B699A60FB681B6879
:101E00001A68FB681B6842F016021A60FB681B6CBC
:101E1000002B07D0FB681B681A68FB681B6842F040
:101E200008021A60FB681B681A68FB681B6842F0AE
:101E300001021A6005E0FB68002283F834200223C7
:101E4000FB75FB7D18461837BD4680BD80B586B052
:101E500000AF78600023BB608E4B1B688E4AA2FBEC
:101E600003239B0A7B617B689B6D3B613B691B681D
:101E7000FB607B68DB6D08229A40FB681340002BF7
:101E80001AD07B681B681B6803F00403002B13D077
:101E90007B681B681A687B681B6822F004021A6062
:101EA0007B68DB6D08229A403B699A607B685B6DBA
:101EB00043F001027B685A657B68DB6D01229A4022
:101EC000FB681340002B12D07B681B685B6903F032
:101ED0008003002B0BD07B68DB6D01229A403B69AD
:101EE0009A607B685B6D43F002027B685A657B6891
:101EF000DB6D04229A40FB681340002B12D07B68F4
:101F00001B681B6803F00203002B0BD07B68DB6DA2
:101F100004229A403B699A607B685B6D43F004023F
:101F20007B685A657B68DB6D10229A40FB68134022
:101F3000002B43D07B681B681B6803F00803002B51
:101F40003CD07B68DB6D10229A403B699A607B68CD
:101F50001B681B6803F48023002B18D07B681B6868
:101F60001B6803F40023002B08D17B681B6C002B3B
:101F700024D07B681B6C786898471FE07B689B6C5B
:101F8000002B1BD07B689B6C7868984716E07B68B9
:101F90001B681B6803F48073002B07D17B681B68E8
:101FA0001A687B681B6822F008021A607B681B6C49
:101FB000002B03D07B681B6C786898477B68DB6DCF
:101FC00020229A40FB681340002B00F08F807B6832
:101FD0001B681B6803F01003002B00F087807B68F0
:101FE000DB6D20229A403B699A607B6893F835301C
:101FF000DBB2052B36D17B681B681A687B681B68CF
:1020000022F016021A607B681B685A697B681B689D
:1020100022F080025A617B681B6C002B03D17B6825
:102020009B6C002B07D07B681B681A687B681B6859
:1020300022F008021A607B68DB6D3F229A403B6900
:102040009A607B68012283F835207B68002283F840
:1020500034207B681B6D002B7ED07B681B6D7868FD
:10206000984779E07B681B681B6803F48023002B8A
:102070001DD07B681B681B6803F40023002B0DD167
:102080007B685B6C002B31D07B685B6C7868984711
:102090002CE000BF00000020B5814E1B7B68DB6B8D
:1020A000002B23D07B68DB6B786898471EE07B6849
:1020B0001B681B6803F48073002B0FD17B681B68BF
:1020C0001A687B681B6822F010021A607B68012284
:1020D00083F835207B68002283F834207B68DB6B33
:1020E000002B03D07B68DB6B786898477B685B6D5F
:1020F000002B32D07B685B6D03F00103002B22D0F4
:102100007B68052283F835207B681B681A687B682A
:102110001B6822F001021A60BB680133BB607A6958
:102120009A4207D37B681B681B6803F00103002BEE
:10213000F2D100E000BF7B68012283F835207B6884
:10214000002283F834207B68DB6C002B05D07B6891
:10215000DB6C7868984700E000BF1837BD4680BD4B
:1021600080B485B000AFF860B9607A603B60FB680E
:102170001B681A68FB681B6822F480221A60FB68DF
:102180001B683A685A60FB689B68402B08D1FB6863
:102190001B687A689A60FB681B68BA68DA6007E0B7
:1021A000FB681B68BA689A60FB681B687A68DA602B
:1021B00000BF1437BD465DF8047B704780B485B01E
:1021C00000AF78607B681B68DBB2103B144AA2FB4F
:1021D00003231B09FB60134AFB6813441B781A4650
:1021E0007B68DA65FB68032B09D97B681B6823F4DD
:1021F0007F7323F003031A1D7B689A6507E07B68F1
:102200001B6823F47F7323F003037A6893657B686C
:102210009B6D18461437BD465DF8047B704700BFC0
:10222000ABAAAAAA0C8B000880B485B000AF786076
:102230000023FB737B689B6ABB607B689B69002BF8
:102240001FD1BB68032B56D801A252F823F000BF60
:10225000612200087322000861220008F7220008AA
:102260007B68DB6A03F08073002B46D00123FB738D
:1022700043E07B68DB6AB3F1C07F40D10123FB738D
:102280003DE07B689B69B3F5005F21D1BB68032B00
:1022900037D801A252F823F0A9220008AF22000883
:1022A000A9220008C12200080123FB7330E07B68EB
:1022B000DB6A03F08073002B25D00123FB7322E03F
:1022C0007B68DB6AB3F1C07F1FD10123FB731CE085
:1022D000BB68022B03D9BB68032B03D018E0012392
:1022E000FB7315E07B68DB6A03F08073002B0ED074
:1022F0000123FB730BE000BF0AE000BF08E000BF52
:1023000006E000BF04E000BF02E000BF00E000BF45
:10231000FB7B18461437BD465DF8047B704700BF51
:1023200080B489B000AF7860396000237B610023FE
:102330003B610023BB610023FB6159E10122FB6982
:1023400002FA03F37B613B681B687A6913403B61C7
:102350003A697B699A4240F048813B685B6803F0C8
:102360000303012B05D03B685B6803F00303022BDA
:1023700030D17B689B68BB61FB695B00032202FA7A
:1023800003F3DB43BA691340BB613B68DA68FB695E
:102390005B0002FA03F3BA691343BB617B68BA6955
:1023A0009A607B685B68BB610122FB6902FA03F3F8
:1023B000DB43BA691340BB613B685B681B0903F0F0
:1023C0000102FB6902FA03F3BA691343BB617B683C
:1023D000BA695A603B685B6803F00303032B17D0AC
:1023E0007B68DB68BB61FB695B00032202FA03F3D5
:1023F000DB43BA691340BB613B689A68FB695B00C9
:1024000002FA03F3BA691343BB617B68BA69DA6005
:102410003B685B6803F00303022B23D1FB69DA08F6
:102420007B68083253F82230BB61FB6903F0070375
:102430009B000F2202FA03F3DB43BA691340BB612E
:102440003B681A69FB6903F007039B0002FA03F378
:10245000BA691343BB61FB69DA087B680832B96962
:1024600043F822107B681B68BB61FB695B00032299
:1024700002FA03F3DB43BA691340BB613B685B6854
:1024800003F00302FB695B0002FA03F3BA6913432A
:10249000BB617B68BA691A603B685B6803F44033D0
:1024A000002B00F0A2800023FB60574B5B6C564A68
:1024B00043F480435364544B5B6C03F48043FB60F0
:1024C000FB68524AFB699B08023352F82330BB6118
:1024D000FB6903F003039B000F2202FA03F3DB43C3
:1024E000BA691340BB617B68494A934219D07B6843
:1024F000484A934213D07B68474A93420DD07B6889
:10250000464A934207D07B68454A934201D104234F
:1025100008E0072306E0032304E0022302E001238E
:1025200000E00023FA6902F0030292009340BA69C6
:102530001343BB613549FB699B080233BA6941F813
:102540002320384B9B68BB613B69DB43BA6913406E
:10255000BB613B685B6803F48013002B03D0BA694E
:102560003B691343BB612F4ABB6993602D4BDB680A
:10257000BB613B69DB43BA691340BB613B685B6885
:1025800003F40013002B03D0BA693B691343BB610A
:10259000244ABB69D360234B5B68BB613B69DB4367
:1025A000BA691340BB613B685B6803F40033002BDE
:1025B00003D0BA693B691343BB611A4ABB695360D4
:1025C000184B1B68BB613B69DB43BA691340BB61B5
:1025D0003B685B6803F48033002B03D0BA693B6926
:1025E0001343BB610F4ABB691360FB690133FB6195
:1025F000FB690F2B7FF6A2AE00BF00BF2437BD469C
:102600005DF8047B704700BF00380240003801408D
:10261000000002400004024000080240000C02409A
:1026200000100240003C014080B586B000AF7860E9
:102630007B68002B01D1012367E27B681B6803F0F4
:102640000103002B75D0884B9B6803F00C03042B0F
:102650000CD0854B9B6803F00C03082B12D1824BE6
:102660005B6803F48003B3F5800F0BD17E4B1B68CE
:1026700003F40033002B5BD07B685B68002B57D1E1
:10268000012342E27B685B68B3F5803F06D1764B5D
:102690001B68754A43F4803313601DE07B685B68F8
:1026A000B3F5A02F0CD1704B1B686F4A43F4802305
:1026B00013606D4B1B686C4A43F4803313600BE06E
:1026C000694B1B68684A23F480331360664B1B68B0
:1026D000654A23F4802313607B685B68002B13D06A
:1026E000FFF76CF9386108E0FFF768F902463B69CB
:1026F000D31A642B01D9032307E25B4B1B6803F455
:102700000033002BF0D014E0FFF758F9386108E0EF
:10271000FFF754F902463B69D31A642B01D903230E
:10272000F3E1514B1B6803F40033002BF0D100E0C0
:1027300000BF7B681B6803F00203002B63D04A4B89
:102740009B6803F00C03002B0BD0474B9B6803F0F6
:102750000C03082B1CD1444B5B6803F48003002B53
:1027600016D1414B1B6803F00203002B05D07B6898
:10277000DB68012B01D00123C7E13B4B1B6823F031
:10278000F8027B681B69DB00374913430B603AE0B2
:102790007B68DB68002B20D0344B01221A60FFF7E6
:1027A0000DF9386108E0FFF709F902463B69D31AD1
:1027B000022B01D90323A8E12B4B1B6803F0020372
:1027C000002BF0D0284B1B6823F0F8027B681B69B4
:1027D000DB00254913430B6015E0244B00221A60EF
:1027E000FFF7ECF8386108E0FFF7E8F802463B69CC
:1027F000D31A022B01D9032387E11B4B1B6803F07B
:102800000203002BF0D17B681B6803F00803002B48
:1028100036D07B685B69002B16D0154B01221A60FD
:10282000FFF7CCF8386108E0FFF7C8F802463B69CB
:10283000D31A022B01D9032367E10B4B5B6F03F023
:102840000203002BF0D01BE0094B00221A60FFF7B7
:10285000B5F838610EE0FFF7B1F802463B69D31ACC
:10286000022B07D9032350E1003802400000474201
:10287000800E4742884B5B6F03F00203002BEAD1C6
:102880007B681B6803F00403002B00F09780002393
:10289000FB75814B1B6C03F08053002B0FD1002381
:1028A000BB607D4B1B6C7C4A43F0805313647A4BB6
:1028B0001B6C03F08053BB60BB680123FB75774B37
:1028C0001B6803F48073002B18D1744B1B68734A88
:1028D00043F480731360FFF771F8386108E0FFF785
:1028E0006DF802463B69D31A022B01D903230CE190
:1028F0006A4B1B6803F48073002BF0D07B689B68E5
:10290000012B06D1644B1B6F634A43F0010313672D
:102910001CE07B689B68052B0CD15F4B1B6F5E4AEC
:1029200043F0040313675C4B1B6F5B4A43F00103E6
:1029300013670BE0584B1B6F574A23F001031367D3
:10294000554B1B6F544A23F0040313677B689B6845
:10295000002B15D0FFF732F838610AE0FFF72EF8A8
:1029600002463B69D31A41F28832934201D90323CC
:10297000CBE0494B1B6F03F00203002BEED014E0B9
:10298000FFF71CF838610AE0FFF718F802463B69C8
:10299000D31A41F28832934201D90323B5E03E4B6A
:1029A0001B6F03F00203002BEED1FB7D012B05D141
:1029B000394B1B6C384A23F0805313647B689B6946
:1029C000002B00F0A180344B9B6803F00C03082B14
:1029D0005CD07B689B69022B41D1314B00221A608D
:1029E000FEF7ECFF386108E0FEF7E8FF02463B69BE
:1029F000D31A022B01D9032387E0274B1B6803F06E
:102A00000073002BF0D17B68DA697B681B6A1A437C
:102A10007B685B6A9B011A437B689B6A5B08013B8E
:102A20001B041A437B68DB6A1B061B4913434B607C
:102A30001B4B01221A60FEF7C1FF386108E0FEF768
:102A4000BDFF02463B69D31A022B01D903235CE088
:102A5000114B1B6803F00073002BF0D054E0104BB7
:102A600000221A60FEF7AAFF386108E0FEF7A6FF11
:102A700002463B69D31A022B01D9032345E0064BDA
:102A80001B6803F00073002BF0D13DE07B689B696D
:102A9000012B07D1012338E00038024000700040CC
:102AA000600047421B4B5B68FB607B689B69012BA6
:102AB00028D0FB6803F480027B68DB699A4221D14D
:102AC000FB6803F03F027B681B6A9A421AD1FA68DE
:102AD00047F6C07313407A68526A9201934211D14B
:102AE000FB6803F440327B689B6A5B08013B1B0474
:102AF0009A4207D1FB6803F070627B68DB6A1B06B1
:102B00009A4201D0012300E0002318461837BD4641
:102B100080BD00BF0038024080B584B000AF78604F
:102B200039607B68002B01D10123CCE0684B1B6826
:102B300003F007033A689A420CD9654B3A68D2B25F
:102B40001A70634B1B6803F007033A689A4201D07E
:102B50000123B8E07B681B6803F00203002B20D040
:102B60007B681B6803F00403002B05D0594B9B685E
:102B7000584A43F4E05393607B681B6803F00803F2
:102B8000002B05D0534B9B68524A43F4604393603B
:102B9000504B9B6823F0F0027B689B684D491343C0
:102BA0008B607B681B6803F00103002B44D07B68BB
:102BB0005B68012B07D1474B1B6803F40033002BE4
:102BC00019D101237FE07B685B68022B03D07B680F
:102BD0005B68032B07D13F4B1B6803F00073002B8E
:102BE00009D101236FE03B4B1B6803F00203002B6C
:102BF00001D1012367E0374B9B6823F003027B6818
:102C00005B68344913438B60FEF7D8FEF8600AE036
:102C1000FEF7D4FE0246FB68D31A41F28832934293
:102C200001D903234FE02B4B9B6803F00C027B6818
:102C30005B689B009A42EBD1254B1B6803F00703AE
:102C40003A689A420CD2224B3A68D2B21A70204BA0
:102C50001B6803F007033A689A4201D0012332E06F
:102C60007B681B6803F00403002B08D0194B9B689A
:102C700023F4E0527B68DB68164913438B607B6862
:102C80001B6803F00803002B09D0124B9B6823F448
:102C900060427B681B69DB000E4913438B6000F0C8
:102CA00021F802460B4B9B681B0903F00F030A49EE
:102CB000CB5C22FA03F3094A1360094B1B681846E0
:102CC000FEF738FE002318461037BD4680BD00BF12
:102CD000003C024000380240F48A00080000002056
:102CE000040000202DE9B04F90B000AF00237B63BB
:102CF0000023FB6300233B630023BB63594B9B68AA
:102D000003F00C03082B0DD0082B00F2A180002B40
:102D100002D0042B03D09BE0534BBB639BE0534B8F
:102D2000BB6398E04F4B5B6803F03F037B634D4B05
:102D30005B6803F48003002B28D04A4B5B689B0937
:102D400000223B627A623B6AC3F308000021474BD2
:102D500003FB01F2002300FB03F31344434AA0FBEF
:102D60000212FA620A46BA62FA6A1344FB627B6B89
:102D70000022BB61FA61D7E90623D7E90A01FDF712
:102D80008BFF02460B461346FB6353E0354B5B68F3
:102D90009B0900223B617A613B69C3F3080A4FF04B
:102DA000000B52465B464FF000004FF00001590106
:102DB00041EAD261500102460B46B2EB0A0863EBCE
:102DC0000B094FF000024FF000034FEA891343EA6A
:102DD00098634FEA8812B2EB080463EB09054FF0E1
:102DE00000024FF00003EB0043EA5473E200144684
:102DF0001D4614EB0A033B6045EB0B037B604FF071
:102E000000024FF00003D7E9004529468B02214616
:102E100043EA915321468A02104619467B6B0022F1
:102E2000BB60FA60D7E90223FDF736FF02460B4686
:102E30001346FB630B4B5B681B0C03F0030301336E
:102E40005B003B63FA6B3B6BB2FBF3F3BB6302E0EB
:102E5000054BBB6300BFBB6B18464037BD46BDE8A2
:102E6000B08F00BF003802400024F40040787D019C
:102E700080B400AF034B1B681846BD465DF8047B69
:102E8000704700BF0000002080B500AFFFF7F0FFE3
:102E90000246054B9B689B0A03F007030349CB5C82
:102EA00022FA03F3184680BD00380240048B000864
:102EB00080B500AFFFF7DCFF0246054B9B685B0B5C
:102EC00003F007030349CB5C22FA03F3184680BDE5
:102ED00000380240048B000880B582B000AF7860F3
:102EE0007B68002B01D1012342E07B6893F84130DD
:102EF000DBB2002B06D17B68002283F84020786883
:102F0000FEF71CFC7B68242283F841207B681B6849
:102F1000DA687B681B6822F40052DA60786800F097
:102F200085FB7B681B681A697B681B6822F49042EA
:102F30001A617B681B685A697B681B6822F02A0249
:102F40005A617B681B68DA687B681B6842F4005230
:102F5000DA607B6800225A647B68202283F8412073
:102F60007B68202283F842207B6800225A6300237A
:102F700018460837BD4680BD80B58AB002AFF860FC
:102F8000B9603B601346FB8000237B61FB6893F8CC
:102F90004130DBB2202B75D1BB68002B02D0FB88FF
:102FA000002B01D101236EE0FB6800225A64FB680C
:102FB000212283F84120FEF701FD7861FB68FA8841
:102FC0009A84FB68FA88DA84FB689B68B3F5805FB3
:102FD00008D1FB681B69002B04D10023FB61BB688F
:102FE000BB6103E0BB68FB610023BB612EE03B6873
:102FF00000937B6900228021F86800F08BF903467A
:10300000002B05D0FB68202283F8412003233AE0FF
:10301000FB69002B0BD1BB691B881A46FB681B6838
:10302000C2F308025A60BB690233BB6107E0FB6967
:103030001A78FB681B685A60FB690133FB61FB6807
:10304000DB8C9BB2013B9AB2FB68DA84FB68DB8CB9
:103050009BB2002BCBD13B6800937B6900224021BF
:10306000F86800F057F90346002B05D0FB682022D2
:1030700083F84120032306E0FB68202283F84120E7
:10308000002300E0022318462037BD4680BD80B5EE
:1030900084B000AFF860B9601346FB80FB6893F81A
:1030A0004230DBB2202B12D1BB68002B02D0FB8850
:1030B000002B01D101230BE0FB6800221A63FB887F
:1030C0001A46B968F86800F07FF9034600E0022369
:1030D00018461037BD4680BD80B483B000AF78601D
:1030E00000BF0C37BD465DF8047B704780B483B0E9
:1030F00000AF786000BF0C37BD465DF8047B7047B9
:1031000080B483B000AF78600B467B8000BF0C3783
:10311000BD465DF8047B704780B59CB000AF786019
:103120007B689B6BFB667B681B681B6803F4807382
:10313000002B72D1FB6E0022DA85FB6E1B680C330C
:10314000FB64FB6C53E8003FBB64BB6C23F48073EF
:10315000BB66FB6E1B680C33BA6EBA657B65796D16
:10316000BA6D41E800233B653B6D002BE5D1FB6E5A
:103170001B681433BB63BB6B53E8003F7B637B6B03
:1031800023F001037B66FB6E1B6814337A6E7A644E
:103190003B64396C7A6C41E80023FB63FB6B002BCA
:1031A000E5D1FB6E1B6814337B627B6A53E8003FFA
:1031B0003B623B6A23F040033B66FB6E1B681433A3
:1031C0003A6E3A63FB62F96A3A6B41E80023BB62EC
:1031D000BB6A002BE5D1FB6E202283F84220FB6EF8
:1031E0001B6B012B19D1FB6E1B680C333B613B69D8
:1031F00053E8003FFB60FB6823F01003FB65FB6EA8
:103200001B680C33FA6DFA61BB61B969FA6941E870
:1032100000237B617B69002BE5D1FB6E00225A63A2
:10322000FB6E1B6B012B06D1FB6E9B8D1946F86E56
:10323000FFF766FF02E0F86EFDF7CEFF00BF7037C4
:10324000BD4680BD80B584B000AF78607B689B6B65
:10325000FB60FB6801225A63FB681B6B012B08D1E2
:10326000FB689B8D5B089BB21946F868FFF748FF27
:1032700002E0F868FFF730FF00BF1037BD4680BDA1
:1032800080B584B000AF78600023FB607B689B6BE7
:10329000BB60BB681B685B6903F08003802B0CBFBD
:1032A00001230023DBB2FB60BB6893F84130DBB243
:1032B000212B08D1FB68002B05D0BB680022DA84E3
:1032C000B86800F027F9BB681B685B6903F040032E
:1032D000402B0CBF01230023DBB2FB60BB6893F8DB
:1032E0004230DBB2222B08D1FB68002B05D0BB6833
:1032F0000022DA85B86800F035F9BB685B6C43F0F2
:103300001002BB685A64B868FFF7F0FE00BF1037C0
:10331000BD4680BD80B586B000AFF860B9603B6047
:103320001346FB713BE03B6AB3F1FF3F37D0FEF73A
:1033300045FB02463B68D31A3A6A9A4202D33B6A7B
:10334000002B01D103233AE0FB681B68DB6803F024
:103350000403002B23D0BB68802B20D0BB68402BFC
:103360001DD0FB681B681B6803F00803082B16D1EF
:1033700000237B61FB681B681B687B61FB681B6823
:103380005B687B617B69F86800F0ECF8FB680822F9
:103390005A64FB68002283F8402001230FE0FB6899
:1033A0001B681A68BB681340BA689A420CBF0123B5
:1033B0000023DBB21A46FB799A42B4D000231846A8
:1033C0001837BD4680BD000080B598B000AFF860EA
:1033D000B9601346FB80BA68FB689A62FB68FA889A
:1033E0009A85FB6800225A64FB68222283F84220F7
:1033F000FB68DB6B444ADA63FB68DB6B434A1A64A5
:10340000FB68DB6B424ADA64FB68DB6B00221A65FF
:1034100007F10803FB65FB68D86BFB681B68043386
:103420001946FB6D1A68FB88FEF7B8FC0346002BB3
:1034300008D0FB6810225A64FB68202283F84220DF
:1034400001235DE000233B61FB681B681B683B6157
:10345000FB681B685B683B613B69FB681B69002B71
:1034600019D0FB681B680C333B643B6C53E8003F8E
:10347000FB63FB6B43F48073BB65FB681B680C3319
:10348000BA6DFA64BB64B96CFA6C41E800237B64E2
:103490007B6C002BE5D1FB681B681433FB62FB6A75
:1034A00053E8003FBB62BB6A43F001037B65FB68E6
:1034B0001B6814337A6DBA637B63796BBA6B41E82E
:1034C00000233B633B6B002BE5D1FB681B68143387
:1034D000BB61BB6953E8003F7B617B6943F04003FC
:1034E0003B65FB681B6814333A6D7A623B62396A4C
:1034F0007A6A41E80023FB61FB69002BE5D10023D8
:1035000018466037BD4680BD1931000845320008B5
:103510008132000880B489B000AF78607B681B6896
:103520000C33FB60FB6853E8003FBB60BB6823F0D3
:10353000C003FB617B681B680C33FA69BA617B616D
:103540007969BA6941E800233B613B69002BE5D109
:103550007B68202283F8412000BF2437BD465DF8F8
:10356000047B704780B495B000AF78607B681B68BF
:103570000C337B637B6B53E8003F3B633B6B23F473
:103580009073FB647B681B680C33FA6C3A64FB63D2
:10359000F96B3A6C41E80023BB63BB6B002BE5D1B0
:1035A0007B681B6814333B623B6A53E8003FFB6156
:1035B000FB6923F00103BB647B681B681433BA6C9E
:1035C000FA62BB62B96AFA6A41E800237B627B6AED
:1035D000002BE5D17B681B6B012B19D17B681B6825
:1035E0000C33FB60FB6853E8003FBB60BB6823F013
:1035F00010037B647B681B680C337A6CBA617B6157
:103600007969BA6941E800233B613B69002BE5D148
:103610007B68202283F842207B6800221A6300BF67
:103620005437BD465DF8047B704700002DE9B04F6C
:10363000C0B000AFC7F8F400D7F8F4301B681B69BE
:1036400023F44050D7F8F430D968D7F8F4301A682A
:1036500040EA01031361D7F8F4309A68D7F8F430E0
:103660001B691A43D7F8F4305B691A43D7F8F43072
:10367000DB691343C7F8F830D7F8F4301B68DB6810
:1036800023F4164121F00C01D7F8F4301A68D7F86A
:10369000F8300B43D360D7F8F4301B685B6923F430
:1036A0004070D7F8F4309969D7F8F4301A6840EAD6
:1036B00001035361D7F8F4301A688F4B9A4205D052
:1036C000D7F8F4301A688D4B9A4204D1FFF7F0FB1B
:1036D000C7F8FC0003E0FFF7D7FBC7F8FC00D7F8FA
:1036E000F430DB69B3F5004F40F00C81D7F8FC30C3
:1036F0000022C7F8E830C7F8EC20D7E93A4522465F
:103700002B469118B9655B41FB65D7E91623214625
:1037100012EB0108294643EB01094FF000024FF07C
:1037200000034FEAC90343EA58734FEAC8029046C0
:103730009946234618EB0303C7F8E0302B4649EBC4
:103740000303C7F8E430D7F8F4305B680022C7F809
:10375000D830C7F8DC20D7E936120B46DB183B65BA
:10376000134642EB03037B65D7E91423D7E93801FD
:10377000FDF792FA02460B46614BA3FB02235B095D
:103780001C01D7F8FC300022C7F8D030C7F8D4208D
:10379000D7E9348942464B469118B9645B41FB64D2
:1037A000D7E91223414612EB010A494643EB010BCC
:1037B0004FF000024FF000034FEACB0343EA5A7385
:1037C0004FEACA0292469B4643461AEB0303C7F8E8
:1037D000C8304B464BEB0303C7F8CC30D7F8F43076
:1037E0005B680022C7F8C030C7F8C420D7E93012A0
:1037F0000B46DB183B64134642EB03037B64D7E9BB
:103800001023D7E93201FDF747FA02460B4611466D
:103810003B4BA3FB01235B09642202FB03F3CB1A9E
:10382000DB0003F13202364BA3FB02235B095B0092
:1038300003F4F8731C44D7F8FC300022C7F8B83002
:10384000C7F8BC20D7E92E8942464B469118B96388
:103850005B41FB63D7E90E23414651183963494662
:103860004B417B634FF000024FF00003D7E90CABF4
:103870005946CB00514643EA51735146CA0010469F
:103880001946034642469B18C7F8B0304B460A46D5
:1038900042EB0303C7F8B430D7F8F4305B6800227A
:1038A000C7F8A830C7F8AC20D7E92A120B46DB18B6
:1038B000BB62134642EB0303FB62D7E90A23D7E955
:1038C0002C01FDF7E9F902460B460D4BA3FB021351
:1038D0005B09642101FB03F3D31ADB003233084A8E
:1038E000A2FB03235B0903F00702D7F8F4301B683F
:1038F00022449A6006E100BF00100140001401401C
:103900001F85EB51D7F8FC300022C7F8A030C7F86C
:10391000A420D7E9288942464B46911839625B4179
:103920007B62D7E9082341465418494643EB010519
:103930004FF000024FF00003EB0043EA5473E20043
:1039400014461D464346E318C7F898304B4645EBEE
:103950000303C7F89C30D7F8F4305B680022C7F83F
:103960009030C7F894204FF000024FF00003D7E9E1
:10397000244529468B00214643EA917321468A005B
:10398000D7E92601FDF788F902460B46604BA3FBF9
:1039900002235B091C01D7F8FC300022C7F88830ED
:1039A000C7F88C20D7E9228942464B469118B96165
:1039B0005B41FB61D7E9062341465118396149460D
:1039C0004B417B614FF000024FF00003D7E904AB9D
:1039D0005946CB00514643EA51735146CA0010463E
:1039E0001946034642469B18C7F880304B460A46A4
:1039F00042EB0303C7F88430D7F8F4305B68002249
:103A0000BB67FA674FF000024FF00003D7E91E8949
:103A100049468B00414643EA917341468A00D7E903
:103A20002001FDF739F902460B461146384BA3FB3E
:103A300001235B09642202FB03F3CB1A1B0132331F
:103A4000334AA2FB03235B0903F0F0031C44D7F8BD
:103A5000FC3000223B677A67D7E91C8942464B4617
:103A60009118B9605B41FB60D7E9022341465118C8
:103A7000396049464B417B604FF000024FF0000334
:103A8000D7E900AB5946CB00514643EA5173514642
:103A9000CA0010461946034642469B18BB664B4671
:103AA0000A4642EB0303FB66D7F8F4305B6800225A
:103AB0003B667A664FF000024FF00003D7E91889A1
:103AC00049468B00414643EA917341468A00D7E953
:103AD0001A01FDF7E1F802460B460D4BA3FB02135A
:103AE0005B09642101FB03F3D31A1B013233084A3B
:103AF000A2FB03235B0903F00F02D7F8F4301B6825
:103B000022449A6000BF07F58077BD46BDE8B08FBC
:103B10001F85EB512DE9FF4757EC106B002F0C462A
:103B200019463B46BBBF07F100431F4600232D2328
:103B30000B700D9BDDF830A0914623F02008BCBF30
:103B400032461646B8F1460F05D0B8F1450F00D100
:103B50000134022100E0032103AB019302AB009387
:103B600047EC106B5346224601F0BEF8B8F1470F00
:103B7000054619D119F0010F0ED000EB04090022FF
:103B8000002330463946FCF7A7FF08B1CDF80C906A
:103B90003022039B4B451ED3039B0E9A5B1B28468A
:103BA000136004B0BDE8F087B8F1460F00EB0409DC
:103BB000E5D10378302B0AD1002200233046394664
:103BC000FCF78AFF18B9C4F10104CAF80040DAF81A
:103BD00000309944D3E7591C03911A70D9E7F7B51F
:103BE0000029BABF49422D232B23092902704370B3
:103BF00029DD0DF107031D460A271A46B1FBF7F62A
:103C000007FB1614303402F8014C0C46632C03F108
:103C1000FF333146F1DC3031941E03F8011C411CA6
:103C20002346AB420AD30DF109039B1AAC4288BF6D
:103C3000002302330344181A03B0F0BD13F8016BDC
:103C400001F8016FEDE7302330318370C170031D3F
:103C5000F1E700002DE9F04F8DB00C46DDF85880FB
:103C600016461F46054600F031FF036804931846C8
:103C7000FCF706FB00230A93D8F8003005900733C1
:103C800023F0070303F1080294F818A0D4F800B059
:103C9000C8F80020D3E9008929F000430793CDF844
:103CA0001880C4E91289DDE906019C4B4FF0FF3210
:103CB000FCF744FF70BBDDE90601984B4FF0FF3283
:103CC000FCF71EFF30BB0022002340464946FCF7AC
:103CD0000DFF10B12D2384F84330914A914BBAF176
:103CE000470F94BF90469846032323612BF00403AB
:103CF00023604FF00009009733460BAA214628465F
:103D000000F0D2F9013040F08D804FF0FF300DB05F
:103D1000BDE8F08F42464B4640464946FCF70EFF51
:103D200040B14B46002BBCBF2D2384F843307E4A64
:103D30007E4BD4E763680AF0DF0206925A1C3BD13F
:103D4000062363604BF480620023226003930AAB76
:103D5000CDE901A309AB0093616849EC108B0DF12B
:103D600023032846FFF7D6FE069B0999472B80467A
:103D700029D1C81C02DB6368994241DDAAF1020A1D
:103D80005FFA8AFA0139524604F150000991FFF7AF
:103D900026FF0A9A1318012A8146236102DC226851
:103DA000D20701D5013323619DF82330002BA2D027
:103DB0002D2384F843309EE7069A472AC2D1002B70
:103DC000C0D10123BDE7BAF1650FDBD9BAF1660FA7
:103DD00018D1002963680BDD216113B92268D0076F
:103DE00002D501330B442361A1654FF00009DBE7E5
:103DF00013B92268D20701D50233F4E70123F2E7B1
:103E00004FF0670A0A9B994205DB23682161D807B6
:103E1000EAD54B1CE7E70029D4BFC1F10202012219
:103E20001344E0E723685A0507D423694246314624
:103E30002846B84701302BD167E7BAF1650F40F249
:103E4000DD80D4E9120100220023FCF745FE0028A2
:103E500033D0374A012331462846B84701303FF472
:103E600054AFDDE90938434502DB2368D8070FD595
:103E7000DDE9042331462846B84701303FF445AF19
:103E80004FF0000908F1FF3804F11A0AC84509DCAF
:103E900023689B0700F10381E0680B9B9842B8BF41
:103EA000184634E70123524631462846B8470130C8
:103EB0003FF42BAF09F10109E8E7099B002B39DC3E
:103EC0001B4A012331462846B84701303FF41DAF55
:103ED000DDE9093959EA030302D12368D907D7D5A7
:103EE000DDE9042331462846B84701303FF40DAFE1
:103EF0004FF0000A04F11A0B099B5B42534501DCA9
:103F00004B4693E701235A4631462846B8470130CD
:103F10003FF4FBAE0AF1010AEEE700BFFFFFEF7FBF
:103F2000148B0008188B00081C8B0008208B0008DD
:103F3000B08E0008A36DDDF828A05345A8BF5346F6
:103F4000002B994636DC4FF0000B29EAE97904F1A1
:103F50001A02A36D0693A3EB09035B4531DC099BB1
:103F60009A453ADC2368DA0737D4099BAAEB0309A0
:103F7000069BAAEB03039945A8BF9946B9F1000F28
:103F800033DC4FF0000829EAE97904F11A0B099BA8
:103F9000AAEB0303A3EB090343457FF779AF0123A2
:103FA0005A4631462846B84701303FF4AEAE08F1D4
:103FB0000108ECE7424631462846B8470130C2D1F5
:103FC000A3E60123314628460692B84701303FF464
:103FD0009CAE069A0BF1010BBBE7DDE904233146E9
:103FE0002846B8470130C0D18FE6069A4B46424476
:103FF00031462846B8470130C3D186E6DDF828A00F
:10400000BAF1010F01DCDB0736D501234246314608
:104010002846B84701303FF478AEDDE90423314645
:104020002846B84701303FF470AED4E912010022AF
:1040300000230AF1FF3AFCF74FFDC0B9534608F1DF
:10404000010231462846B84701300CD15DE6012314
:104050005A4631462846B84701303FF456AE08F17B
:104060000108D045F3DB4B4604F15002DFE64FF088
:10407000000804F11A0BF4E701234246E1E70123AB
:104080004A4631462846B84701303FF43EAE08F173
:104090000108E3680B995B1A4345F0DCFCE64FF03E
:1040A000000804F11909F4E72DE9F047164698468F
:1040B0008A680B69DDF820909342B8BF13463360DD
:1040C00091F8432007460C460AB101333360236858
:1040D000990642BF336802333360256815F0060540
:1040E00006D104F1190AE36832689B1AAB4226DC58
:1040F00094F843302268003B18BF012392062BD46A
:1041000004F1430241463846C84701301ED02368B7
:10411000226903F00603042B02BFE5683368ED1A39
:10412000A3680CBF25EAE57500259342C4BF9B1A1E
:10413000ED1800261A34B5421AD1002008E00123F8
:10414000524641463846C847013003D14FF0FF3050
:10415000BDE8F0870135C6E7E1185A1C302081F828
:104160004300224494F8451082F843100233C7E715
:104170000123224641463846C8470130E6D0013681
:10418000D9E700002DE9FF470F7E0C9E782F91465E
:1041900080460C469A4601F1430207D8622F0AD89E
:1041A000002F00F0D280582F00F0B98004F14206B1
:1041B00084F842703AE0A7F16303152BF6D801A109
:1041C00051F823F01D42000831420008AD410008BB
:1041D000AD410008AD410008AD4100083142000882
:1041E000AD410008AD410008AD410008AD410008F7
:1041F000314300085B420008EB420008AD41000873
:10420000AD41000853430008AD4100085B4200087F
:10421000AD410008AD410008F342000833681A1DA3
:104220001B68326004F1420684F8423001239DE0AD
:1042300033682068191D3160060601D51D6803E04A
:104240004506FBD5B3F90050002D03DA2D236D424E
:1042500084F8433059480A2311E02168336808067E
:1042600053F8045B02D4490648BFADB26F2F5348E0
:10427000336014BF0A230823002184F843106668C2
:10428000A660002EA2BF216821F0040121600DB9B3
:10429000002E4BD01646B5FBF3F103FB1157C75D5B
:1042A00006F8017D2F46BB420D46F4D9082B0BD1F1
:1042B0002368DF0708D5236961689942DEBF302390
:1042C00006F8013C06F1FF36921B2261CDF800A0F2
:1042D0004B4603AA21464046FFF7E6FE01304AD18D
:1042E0004FF0FF3004B0BDE8F087236843F02003AF
:1042F00023603348782784F84570236831681F06A7
:1043000051F8045B02D45F0648BFADB23160D907F3
:1043100044BF43F0200323601DB11023ACE72748BE
:10432000E9E7236823F020032360F6E71646BDE79C
:10433000336825686169181D30602E061B6801D539
:10434000196002E06806FBD5198000232361164638
:10435000BCE733681A1D32601E686268002130466F
:10436000FBF73EFF08B1801B606063682361002398
:1043700084F84330AAE72369324649464046D0478D
:104380000130ADD023689B0713D4E068039B9842AB
:10439000B8BF1846A6E70123324649464046D047F3
:1043A00001309DD00135E36803995B1AAB42F2DC22
:1043B000EBE7002504F11906F5E700BF248B0008A0
:1043C000358B00082DE9F04F87B0174603938B68B3
:1043D0005A1EB2F5AE7F81BF6FF4AE7503EB050BCD
:1043E00040F25D138B600B680A464FF0000543F402
:1043F000F06342F81C3BCDE9045580460C4698BF5B
:104400004FF0000B01921646AA46A9460295A268F3
:1044100052B13B681B784E2B64D8402B3CD8A3F19B
:104420002B01C8B20E283AD9B9F1000F03D0236886
:1044300023F4807323600AF1FF3ABAF1010F00F20E
:104440001781019B9E4200F20881012007B0BDE860
:10445000F08FA3F161020D2AE6D801A151F822F0F4
:10446000A7450008294400082944000829440008F9
:1044700007460008DF4500082944000829440008D1
:10448000B5450008294400082944000829440008CB
:10449000294400086D450008A3F14102DBE70E291D
:1044A000C2D801A050F821F05D4500082944000859
:1044B0005D450008F345000829440008054500084B
:1044C00043450008434500084345000843450008AC
:1044D000434500084345000843450008434500089C
:1044E000434500086E2B09D8602BB2D8542B7BD0E3
:1044F000592B99D1072D97D108252CE0742B73D017
:10450000792BF6E72168C8051BD521F080012160D1
:1045100009F10109BBF1000F03D001320BF1FF3BA0
:10452000A260A368013BA3602369013323617B6818
:10453000013B002B7B6040F387803B6801333B608D
:1045400065E71AEB05017FF46FAF226822F4C072B1
:1045500022600D468A4606F8013BE2E72268100613
:104560007FF562AF22F080022260F4E7BAF1000F1B
:104570000ED1B9F1000F0ED1226802F4E061B1F55D
:10458000E06F08D122F4F06222604FF0010AE2E706
:10459000BAF1020F55D0012D02D0042D7FF444AFA3
:1045A0000135EDB2D7E7BAF1010F7FF43DAF4FF01F
:1045B000020AD0E77DB9B9F1000F7FF438AF226865
:1045C00002F4E061B1F5E06F40F0088122F4F0629E
:1045D00022600125BFE7032DE2D0052DDEE7022D85
:1045E0007FF422AF0325B6E7062D7FF41DAF072524
:1045F000B1E7226891057FF517AF22F4207222609F
:10460000CDF80890A7E7226802F4A061B1F5806FA9
:1046100006D050057FF508AFB9F1000F00F0DE803D
:10462000910558BF029922F4F06258BFA9EB01012D
:1046300042F4C07258BFCDE9041622604FF0000961
:1046400089E74FF0030A86E7D4F8803139464046BF
:10465000984700283FF4DBAEE6E6D4F87C3116F844
:10466000011D3A46404698472369013B2361E8E62D
:104670006B1E062B24D8022D36D8019B9E427FF656
:10468000E4AED4F87C3116F8011D3A46404698470E
:104690002369013B2361F0E7D4F87C311BF8011D4D
:1046A0003A46404698472369013B23610AF1FF3AA5
:1046B0005FFA8AFABAF1020FEED1033DEDB2761B32
:1046C0002368DA0530D55B0511D5019B9E427FF644
:1046D000BCAED4F87C3116F8011D3A4640469847E6
:1046E0002369013B2361F0E7AA46B346DEE716F8EB
:1046F000011C2369652903F1FF3306F1FF352361AE
:104700000CD045290AD0D4F87C313A464046984727
:10471000236916F8021C013BB51E2361D4F87C31D5
:104720003A46404698472E46226812F0100201D0C1
:1047300000208BE63270236803F4C063B3F5806F0A
:104740001CD1029B4B45A3EB090223D10199002206
:10475000404602F041FC039B21681B6811F0020FE8
:1047600057EC106B03F104021FD003990A601B6819
:10477000C3E90067E3680133E360D9E7049B002BDA
:10478000E4D005990A230131404602F0A5FC049BC0
:10479000059EC21A04F26F139E4228BF04F5B77635
:1047A0001049304600F0E4F8D0E711F0040F039907
:1047B0000A60DCD11D6832463B4630463946FCF77C
:1047C000BDF928B1084800F001FA85ED000AD1E7EB
:1047D00030463946FCF710FA2860CBE74FF0000965
:1047E00029E600BF468B0008F88E0008002310B5AC
:1047F0000446C0E90033C0E9043383608181436625
:10480000C2818361194608225C3000F040F90D4BEB
:1048100063620D4BA3620D4BE3620D4B23630D4BA3
:1048200024629C4206D003F16802944202D0D03345
:104830009C4205D104F15800BDE8104000F0BAB91F
:1048400010BD00BF054A00082B4A0008634A000853
:10485000874A000850090020024A0349034800F033
:1048600069B800BF0C000020C97A00081C000020B5
:1048700041680C4B994210B5044601D003F024F96D
:10488000A168094B994202D0204603F01DF9E16866
:10489000064B994204D02046BDE8104003F014B9FD
:1048A00010BD00BF50090020B8090020200A0020D8
:1048B00010B50B4B0B4C0C4A1A6020460022042109
:1048C000FFF794FF04F1680001220921FFF78EFF32
:1048D00004F1D0000222BDE810401221FFF786BF8C
:1048E000880A00205009002059480008014800F0BB
:1048F00062B900BF910A0020014800F05DB900BF15
:10490000910A002010B50446FFF7F0FF236A1BB19F
:10491000BDE81040FFF7F0BF044B2362044B1B6857
:10492000002BF5D1FFF7C4FFF2E700BF7148000884
:10493000880A00202DE9F8430746884614460026D9
:10494000D4E90195B9F1010905D52468002CF7D106
:104950003046BDE8F883AB89012B07D9B5F90E3095
:10496000013303D029463846C04706436835E9E796
:104970000EB400B59CB01DAB029006906FF00041E4
:10498000094807910491094953F8042B05910068DF
:10499000019302A902F0FEFB029B00221A701CB0D8
:1049A0005DF804EB03B07047180000200802FFFF19
:1049B0000EB430B59CB01FAC4FF4017254F8045BD8
:1049C000ADF8142002900690FBF75AFC0B4B0390B5
:1049D00007900B930A48019400230F9314934FF60A
:1049E000FF73ADF816302A46234602A9006802F08C
:1049F00025FD1CB0BDE8304003B07047274A0008D1
:104A00001800002010B50C46B1F90E1000F084F823
:104A10000028ABBF636DA3891B1823F48053ACBF80
:104A20006365A38110BD002070472DE9F0411F464A
:104A30008B89DB0505460C46164605D5B1F90E10E7
:104A40000223002200F056F8A389B4F90E1023F4D3
:104A50008053A38132463B462846BDE8F04100F032
:104A60006DB810B50C46B1F90E1000F043F8431CB8
:104A7000A38915BF606523F4805343F48053A38159
:104A800018BFA38110BDB1F90E1000F023B8024485
:104A90000346934200D1704703F8011BF9E70A78F7
:104AA00070B56AB970BD9A4209D10C46054614F832
:104AB000013F002BF6D015F8016F9E42F7D0013070
:104AC0000378002BEFD11846ECE700000048704750
:104AD0005801002038B5064D0023044608462B60D7
:104AE000FCF75CFD431C02D12B6803B1236038BD89
:104AF0008C0A002038B5074D0446084611460022AE
:104B00002A601A46FCF771FD431C02D12B6803B1E1
:104B1000236038BD8C0A002038B5074D044608468E
:104B2000114600222A601A46FCF7FFFC431C02D102
:104B30002B6803B1236038BD8C0A002038B5074DBF
:104B400004460846114600222A601A46FCF70AFD70
:104B5000431C02D12B6803B1236038BD8C0A0020AE
:104B6000014B1868704700BF1800002070B50D4D4C
:104B70000D4C641BA4100026A64209D10B4D0C4C11
:104B800003F07AFF641BA4100026A64205D170BD75
:104B900055F8043B98470136EEE755F8043B984733
:104BA0000136F2E7648F0008648F0008648F000804
:104BB000688F0008704770477047034611F8012B53
:104BC00003F8012B002AF9D1704700009FED010A7C
:104BD000704700BF0000C07F2DE9F74F03690C69E3
:104BE000A34207467EDB013C01F11408A30000F15B
:104BF0001405009305EB8403019358F8243055F80D
:104C0000242001339A4208EB8409B2FBF3F62ED339
:104C10004FF0000AC446AE46D3465CF8043B98B257
:104C200006FB00A0020C1B0C06FB0323DEF8002091
:104C300080B292B2121A5A44DEF800004FEA134AC8
:104C40009BB2C3EB224303EB104392B242EA03420E
:104C5000E1454EF8042B4FEA234BDED2009BEB5884
:104C60002BB9019B043B9D421A462FD33C61384629
:104C700001F0C2F9002825DB2946002058F8042B52
:104C8000D1F800C01FFA82FE1FFA8CF3A3EB0E03CB
:104C90000344120CC2EB234202EB1C429BB243EAD8
:104CA0000243C14541F8043B4FEA2240E6D255F8A1
:104CB000242005EB840322B9043B9D421A460BD302
:104CC0003C610136304603B0BDE8F08F1268043B0A
:104CD000002ACBD1013CC6E71268043B002AEFD181
:104CE000013CEAE70020EEE72DE9F04FC76999B0F3
:104CF0008DED020B55EC104B229E099183460E92CE
:104D000013937FB9102000F0FDFD0246CBF81C0084
:104D100020B9A74BEF21A74802F0C6FFC0E90177F1
:104D20000760C760DBF81C30196859B15A684A60DF
:104D3000012393408B60584600F0DAFEDBF81C300C
:104D400000221A602B1EB9BF23F0004303930023F7
:104D50003360039F984BBCBF01223260BB4312D12A
:104D6000139A42F20F731360C7F31303234300F047
:104D70004D85239BDFF854A2002B00F04F850AF1EC
:104D8000030300F049BD9DED027B002251EC170B9F
:104D900000238DED0C7BFBF79FFE804658B1139AE4
:104DA00001231360239B13B1239A844B1360DFF814
:104DB00020A200F033BD9DED0C0B16AA17A9584692
:104DC00001F03AFAC7F30A568146002E77D00D9BC0
:104DD000CDF85080C3F31303DDE90C0143F07F539A
:104DE00043F44013A6F2FF3619460022744BFBF73A
:104DF00053FA69A3D3E90023FBF706FC68A3D3E9C0
:104E00000023FBF74BFA044630460D46FBF792FBB6
:104E100065A3D3E90023FBF7F7FB02460B462046C8
:104E20002946FBF73BFA04460D46FBF79DFE0022A0
:104E30000746002320462946FBF758FE40B1384676
:104E4000FBF778FB22462B46FBF746FE00B9013FF5
:104E5000162F51D85B4B03EBC703D3E90023DDE9E1
:104E60000C01FBF743FE002848D0013F00231293BA
:104E7000169B9B1B5A1E44BFC3F1010800230892D6
:104E800054BF4FF000080893002F39DB089B0F97A1
:104E90003B44089300230A93099B092B64D8052BF4
:104EA000C4BF043B0993099BA3F10203CCBF0024B8
:104EB0000124032B63D8DFE803F02A373555DDE9F9
:104EC00016631E4406F23243202BC1BFC3F14003D8
:104ED0009F4006F2124324FA03F3D6BFC3F1200326
:104EE00047EA030004FA03F0FBF714FB0122A1F1E7
:104EF000F873013E149277E70123B8E71290B7E701
:104F00007B420A930023A8EB07080F93C4E7002312
:104F10000B930E9B002B35DC0123009307931A465D
:104F20000E920BE00123F3E700230B930E9BFB187B
:104F300000930133012B0793B8BF0123DBF81C005A
:104F40000021042202F114059D421FD941605846F8
:104F500000F08EFD824600283CD11B4B024640F2F9
:104F6000AF11D8E60123E0E70124002309930B9455
:104F70004FF0FF330093079300221223D0E7012361
:104F80000B93F5E70E9B00930793D7E7013152008F
:104F9000D8E700BFAFF3008061436F63A787D23FBC
:104FA000B3C8608B288AC63FFB799F501344D33F18
:104FB000588B00086F8B00080000F07FB18E00084E
:104FC0000000F83F688C0008C78B0008548B00086D
:104FD000B08E0008DBF81C301860079B0E2B00F227
:104FE000A480002C00F0A180002F33DDAD4B07F032
:104FF0000F0203EBC20393ED007BF8058DED047BFC
:105000004FEA271416D5A84BDDE90C01D3E9082394
:10501000FBF724FCCDE9020104F00F040326A24DA6
:1050200054B9DDE90423DDE90201FBF717FCCDE902
:10503000020128E00226F2E7E10708D5DDE90401D4
:10504000D5E90023FBF7E0FACDE90401013664104D
:105050000835E5E700F0D2807C42924B924D04F097
:105060000F0203EBC203D3E90023DDE90C01FBF7D8
:10507000CBFACDE90201241100230226002C40F0D6
:10508000B280002BD3D1129BDDE90245002B00F04A
:10509000B780864B002220462946FBF727FD0028D3
:1050A00000F0AE80079B002B00F0AA80009B002B35
:1050B00037DD7B1E049320467D4B00222946FBF7FB
:1050C000A3FACDE90201009C01363046FBF732FA23
:1050D000DDE90223FBF798FA764B0022FBF7DEF8B6
:1050E0000546A1F15076002C40F08D80DDE90201EB
:1050F000714B0022FBF7D0F802460B46CDE90223A4
:105100002A463346FBF710FD002840F08B82DDE98C
:1051100002012A4606F10043FBF7E8FC002840F0B4
:105120002881DDE90C34CDE90234179B002BC0F255
:105130005A810E2F00F357815A4B03EBC70393EDAF
:10514000007B0E9B002B8DED007B03DA079B002B71
:1051500040F30181DDE902455646DDE900232046A2
:105160002946FBF77BFBFBF7FFFC8046FBF7E2F9E8
:10517000DDE90023FBF748FA02460B4620462946A4
:1051800008F13004FBF788F806F8014B079DA6EB01
:105190000A04A54202460B4640F01781FBF77EF851
:1051A000DDE9002304460D46FBF7BEFC002840F075
:1051B000F980DDE9002320462946FBF78DFC18B174
:1051C00018F0010F40F0EE804946584600F090FC80
:1051D00000233370139B01371F60239B002B00F0CB
:1051E0001D831E601AE3E20705D5D5E90023FBF70E
:1051F0000BFA01360123641008353FE7022642E727
:10520000079C049761E7274B0B9903EBC40353E911
:1052100002235444002953D028490020FBF71EFBE9
:1052200033462A46FBF738F8CDE910015646DDE94A
:105230000201FBF799FC0546FBF77CF902460B4699
:10524000DDE90201FBF728F8303502460B46CDE9CF
:10525000022306F8015BDDE91023FBF747FC002879
:1052600071D1DDE9022311490020FBF715F8DDE9D2
:105270001023FBF73BFC002840F09580A6423FF44A
:1052800050AFDDE910010A4B0022FBF7BDF9084BD6
:10529000CDE910010022DDE90201FBF7B5F9CDE906
:1052A0000201C4E7688C0008408C00080000F03F51
:1052B0000000244000001C40000014400000E03FBB
:1052C00031462846FBF7A0F9CDE910011594564662
:1052D000DDE90201FBF748FC0546FBF72BF9024626
:1052E0000B46DDE90201FAF7D7FF303506F8015B1E
:1052F00002460B46A642CDE902234FF0000224D11C
:10530000AC4BDDE91001FAF7C9FF02460B46DDE9B7
:105310000201FBF709FC002845D1DDE91023A5496E
:105320000020FAF7B9FF02460B46DDE90201FBF760
:10533000DDFB00283FF4F5AE159E731E159316F89D
:10534000013C302BF8D0049F3EE79B4BFBF75CF908
:10535000CDE90201BCE70CD1984B0022DDE9000148
:10536000FBF752F9DDE90223FBF7D4FB002800F03C
:105370005781002425460E9BDB43049356460027A5
:105380002146584600F0B4FB002DDCD02FB1AF42CF
:1053900003D03946584600F0ABFB2946584600F08A
:1053A000A7FBD0E7049733461E4613F8012D392A90
:1053B00007D19A45F8D1049A0132049230228AF832
:1053C00000201A7801321A70BDE77B4B0022FBF7F0
:1053D0001BF90022002304460D46FBF77DFB002845
:1053E0003FF4BBAEF0E60B9A002A00F0DB80099A8E
:1053F000012A00F3BF80149A002A00F0B78003F25C
:1054000033430A9C4646089A01211A445846984458
:10541000089200F06BFC05465EB1089B002B08DD8E
:10542000B342089AA8BF3346A8EB0308F61AD31A6A
:1054300008930A9BF3B10B9B002B00F0B7808CB153
:1054400029462246584600F011FD4A4601460546C7
:10545000584600F061FC49460490584600F048FB6D
:10546000049B99460A9B1A1B04D04946584600F0F3
:10547000FDFC81460121584600F038FC0F9B044694
:10548000002B00F0CF811A460146584600F0EEFC92
:10549000099B012B044600F39580029B002B40F0F2
:1054A0008780039BC3F31303002B40F08980039B89
:1054B00023F000431B0D1B052BB1089B0133089300
:1054C00008F1010801230A930F9B002B00F0B08123
:1054D000236904EB8303186900F0BCFBC0F12000D2
:1054E000089B184410F01F0077D0C0F12003042B54
:1054F0006BDD089BC0F11C00034480440644089304
:10550000B8F1000F05DD49464246584600F008FD57
:105510008146089B002B05DD21461A46584600F0BF
:10552000FFFC0446129B002B59D02146484600F050
:1055300063FD002853DA7B1E0493494600230A22A8
:10554000584600F0F7FA0B9B8146002B00F0728161
:10555000002329460A22584600F0ECFA009B002B53
:10556000054667DC099B022B41DC63E0169BC3F117
:10557000360346E7079B5C1E0A9BA342BFBF0A9BFC
:105580000F9A0A94E31AB4BFD2181C1B079BBCBF26
:105590000F920024002BB5BFA8EB0306079B002346
:1055A000464630E70A9C0B9D464635E70A9A5CE77B
:1055B000002388E70000E03F000024400000144082
:1055C000029B80E700230A9382E799D0089A1C3354
:1055D0001A4498441E44089292E70346F6E7079B54
:1055E0000497002B20DC0093099B022B1EDD009BFF
:1055F000002B7FF4C0AE21460522584600F09AFAEF
:1056000001460446484600F0F7FC00287FF7B3AE99
:105610005646312306F8013B049B01330493AEE662
:10562000079C04972546F3E7079B00930B9B002BF1
:1056300000F00481002E05DD29463246584600F070
:105640006FFC05460A9B002B5AD06968584600F04B
:105650000FFA064628B9844B024640F2EF21FFF7C5
:105660005ABB2A690232920005F10C010C3002F09B
:1056700003FB01223146584600F052FC0AF10103B7
:105680000793009B53440B93029B03F001032F46A7
:105690000A930546079B2146013B48460093FFF7C6
:1056A0009BFA3946029000F13008484600F0A4FC0D
:1056B0002A4608902146584600F0BAFCC2680646C1
:1056C00002BB0146484600F097FC02463146584668
:1056D0000E9200F00DFA099B0E9A079E43EA020112
:1056E0000A9B194310D1B8F1390F29D0089B002B20
:1056F00002DD029B03F13108009B83F800803FE646
:105700002846BBE70122E1E7089B002B04DB09994F
:105710000B430A990B4320D1002AEDDD49460122B3
:10572000584600F0FDFB2146814600F065FC00284C
:1057300003DCE1D118F0010FDED0B8F1390FD8D178
:10574000009A3923137033461E46013B16F8012C8C
:10575000392A52D001321A7012E6002A07DDB8F158
:10576000390FEDD0009A08F10103137008E6079B8A
:10577000079A03F8018C0B9B934228D049460023DB
:105780000A22584600F0D6F9AF4281464FF0000396
:105790004FF00A023946584607D100F0CBF90746C8
:1057A0000546079B0133079374E700F0C3F92946C8
:1057B000074600230A22584600F0BCF90546F0E7E8
:1057C000009B002BCCBF1E460126564400274946AD
:1057D0000122584600F0A4FB2146814600F00CFC53
:1057E0000028B0DC02D118F0010FACD133461E46C0
:1057F00013F8012D302AFAD0C2E59A45A4D1049BB2
:105800000133049331238AF80030B9E5239BDFF894
:105810005CA01BB10AF10803239A1360504619B02B
:10582000BDE8F08F099B012B7FF737AE0F9B0A93E2
:10583000012055E6009B002B7FF7D6AE5646214649
:105840004846FFF7C9F900F1300806F8018B009BC4
:10585000A6EB0A029342B3DD494600230A225846CA
:1058600000F068F98146EAE7C78B00084B8B000817
:1058700038B50546002941D051F8043C0C1F002BD7
:10588000B8BFE41800F0E8F81D4A136833B9636044
:1058900014602846BDE8384000F0E4B8A34208D9B7
:1058A000206821188B4201BF19685B6809182160C4
:1058B000EDE71A465B680BB1A342FAD9116850189C
:1058C000A0420BD120680144501883421160E0D1FE
:1058D00018685B68536008441060DAE702D90C234B
:1058E0002B60D6E7206821188B4204BF19685B68DB
:1058F000636004BF091821605460CAE738BD00BF67
:10590000980A0020024B0146186800F025B800BF35
:105910001800002070B50F4E0C463168054611B9CD
:1059200002F09AF930602146284602F095F9431CAE
:1059300003D14FF0FF34204670BDC41C24F0030493
:10594000A042F8D0211A284602F086F90130F2D19F
:10595000EFE700BF940A00202DE9F843CD1C25F0A5
:10596000030508350C2D38BF0C25002D064601DB3C
:10597000A94204D90C2333600020BDE8F883DFF886
:10598000D48000F069F8D8F800301C4644BB2946A2
:105990003046FFF7BFFF431C044658D1D8F80040FB
:1059A0002746002F43D1002C4BD023683946304680
:1059B00004EB030902F050F9814542D121686D1AC8
:1059C00029463046FFF7A6FF01303AD023682B4422
:1059D0002360D8F800305A6862BBC8F800700FE046
:1059E0002268521B20D40B2A17D96119A3422560C3
:1059F00018BF5960636808BFC8F8001062514B6057
:105A0000304600F02FF804F10B00231D20F00700B2
:105A1000C21A1CBF1B1AA350AFE76268A3420CBF97
:105A2000C8F800205A60EBE723466468AEE73C46BE
:105A30007F68B6E71A465B68A342FBD10023536038
:105A4000DEE70C233360304600F00CF894E7056085
:105A5000D6E700BF980A00200148FFF7ACB800BFA6
:105A6000900A00200148FFF7A7B800BF900A002065
:105A700070B5C66904460D4676B91020FFF742FF9F
:105A80000246E06120B9184B18486B2102F00CF96E
:105A9000C0E901660660C660E669F36883B1E36940
:105AA000DB6853F82500B8B9012101FA05F6721D2B
:105AB0009200204602F016F960B1C0E901560EE0EE
:105AC00021220421204602F00DF9E369F060DB6831
:105AD000002BE4D1002070BD026843F8252000238C
:105AE000C0E90333F7E700BF588B0008D88B0008E4
:105AF00070B5C66905460C4676B91020FFF702FF5F
:105B00000246E86120B9094B09488F2102F0CCF820
:105B1000C0E901660660C6603CB1EB696268DB689B
:105B200053F82210216043F8224070BD588B0008C2
:105B3000D88B00082DE9F0410D6907460C461E463A
:105B400001F1140C0020DCF8003099B202FB016175
:105B50001E0C0B0C02FB063389B2013001EB034132
:105B600085424CF8041B4FEA1346ECDC0EB3A368E5
:105B7000AB4219DC616838460131FFF779FF804696
:105B800028B902460C4B0D48BA2102F08DF8226963
:105B9000023204F10C0192000C3002F06DF8214643
:105BA0003846FFF7A5FF444604EB850301355E61E7
:105BB00025612046BDE8F081C78B0008D88B00081E
:105BC0002DE9F8430C4615461F46092208330646C0
:105BD00093FBF2F3002101229A4209DB3046FFF7E2
:105BE00047FF40B90246194B1948D32102F05CF82F
:105BF00052000131F0E7089B4361092D4FF001038A
:105C0000036116DD04F10909C8462C4418F8013B6C
:105C10000146303B0A223046FFF78CFFA045F5D104
:105C2000A5F108044C442D1B6319BB4204DBBDE8FD
:105C3000F8830A340925F6E714F8013B0146303BA6
:105C40000A223046FFF776FFEEE700BFC78B000859
:105C5000D88B0008B0F5803F034636BF0304002010
:105C60001020B3F1807F3CBF1B020830B3F1805F8E
:105C70003CBF1B010430B3F1804F3CBF9B0002309E
:105C8000002B05DB13F0804F00F1010008BF20203E
:105C900070470368024613F007000BD0D90721D4E0
:105CA000980749BF5B089B08012013605CBF136025
:105CB0000220704799B209B91B0C1020D9B209B95A
:105CC00008301B0A190704BF1B090430990704BFD9
:105CD0009B080230D90703D45B0800F1010003D010
:105CE00013607047002070472020704710B50C46A5
:105CF0000121FFF7BDFE024628B9054B054840F2D9
:105D0000451101F0D1FF01234461036110BD00BFC3
:105D1000C78B0008D88B00082DE9F04F14460A699C
:105D200023699A42A8BF23460F46A4BF0C461F46CC
:105D3000D4F810A0D7F81090A36861680AEB0906A0
:105D4000B34285B0B8BF0131FFF792FE30B90246C9
:105D5000444B45484FF4B17101F0A6FF00F1140522
:105D600005EB86082B460022434521D307F1140199
:105D700004F1140202EB8A0201EB89030293131B64
:105D8000153B23F00303043304F11507BA4238BF6F
:105D900004230193029B03918B420CD8002E03DD58
:105DA00058F8043D002B5BD0066105B0BDE8F08FCC
:105DB00043F8042BD8E7B1F800A0BAF1000F24D0C3
:105DC00004F1140EA9464FF0000C5EF8047BD9F8DC
:105DD00000301FFA87FB9BB20AFB0B334FEA174BCD
:105DE000D9F8007063444FEA174C0AFB0BC707EB66
:105DF00013479BB243EA0743724549F8043B4FEA15
:105E0000174CE2D8019B45F803C0039BB3F80290FE
:105E10000431B9F1000F21D02B6804F1140CAE4607
:105E20004FF0000ABCF800B0BEF8027009FB0B7717
:105E300057449BB243EA07434EF8043B5CF8043BEB
:105E40004FEA134ABEF8003009FB0A3303EB17434D
:105E500062454FEA134AE5D8019FEB51043599E7B3
:105E6000013E9BE7C78B0008D88B00082DE9F8435B
:105E7000154612F0030207460E4607D0254C013A9C
:105E8000002354F82220FFF755FE0646AD103DD002
:105E9000FC697CB91020FFF735FD0246F86128B98E
:105EA0001D4B1E4840F2B31101F0FEFEC0E9014453
:105EB0000460C460D7F81C80D8F808404CB940F2A0
:105EC00071213846FFF712FF0023C8F80800044686
:105ED00003604FF00009EB070AD5314622463846E9
:105EE000FFF71AFF314680463846FFF701FE464667
:105EF0006D100BD0206838B9224621463846FFF78E
:105F00000BFF2060C0F800900446E4E73046BDE88F
:105F1000F88300BF348C0008588B0008D88B000829
:105F20002DE9F0470C464968236903EB6218A36822
:105F3000074691464FEA621A08F10106B3420BDBAD
:105F40003846FFF795FD054648B90246284B2948D3
:105F50004FF4EF7101F0A8FE01315B00EEE7002382
:105F600000F1140100F110021846534533DB20699B
:105F70002AEAEA7A04F1140319F01F0901EB8A01F5
:105F800003EB800C2BD0C9F1200E8A460022186842
:105F900000FA09F010434AF8040B53F8042B9C450F
:105FA00022FA0EF2F3D8ACEB0403153B23F0030303
:105FB000043304F11500844538BF0423CA500AB1E4
:105FC00008F10206013E38462E612146FFF790FD9A
:105FD0002846BDE8F08742F8040F0133C5E70439CD
:105FE00053F8042B41F8042F9C45F9D8EAE700BF89
:105FF000C78B0008D88B00080A6903460069801A1D
:1060000030B50ED11433143103EB820401EB82015D
:1060100054F8045D51F8042D954203D005D24FF099
:10602000FF3030BDA342F3D3FBE70120F9E70000C6
:106030002DE9F74F89460646114648461446FFF7B4
:10604000DBFF051E12D129463046FFF711FD02463F
:1060500028B93F4B40F237213E4801F025FE01238D
:10606000C0E90435104603B0BDE8F08FBCBF4B4615
:10607000A1463046D9F80410BABF1C4601250025B8
:10608000FFF7F6FC024618B9314B40F24521E3E731
:10609000D9F810702669C56009F1100309F11405DB
:1060A00004F1140E00F1140B05EB87080EEB8606C5
:1060B0000193D9464FF0000C019B5EF8040B53F896
:1060C00004AF01931FFA8AF3194683B2CB1A000C6E
:1060D0006344C0EB1A4000EB23409BB243EA004309
:1060E000764549F8043B4FEA204CE5D8331B153B75
:1060F00023F0030315340433A64238BF04231D44A0
:106100005B441E462C4644450ED308F10301491B4F
:1061100021F00301033DA84538BF00210B4453F88B
:10612000041D91B117619DE754F8041BE646080C65
:106130001CFA81FC714400EB2C4089B241EA004119
:1061400046F8041B4FEA204CDDE7013FE7E700BFBC
:10615000C78B0008D88B000882B08DED000B019A28
:106160000F4B1340A3F15073002B08DC5B42B3F1DB
:10617000A07F4FEA235204DA4FF400231341002298
:1061800008E0A2F114031E2BDABF4FF00042DA4000
:10619000012200231946104641EC100B02B0704753
:1061A0000000F07F2DE9F041066900F1140808EBCA
:1061B0008606371F56F8042C1046FFF74BFDC0F13A
:1061C00020030A280B601B4915DCC0F10B0C22FAD6
:1061D0000CF3B84543EA010534BF56F8083C0023E8
:1061E000153002FA00F023FA0CF303431C4645EC89
:1061F000104BBDE8F081B8453ABF56F8083CA6F10F
:10620000080700230B3812D0C0F1200123FA01F453
:1062100082402243474542F07F558CBF57F8042CFB
:1062200000228340CA4045F440151343DEE742EAAA
:106230000105DBE70000F03F2DE9F7430F460121A0
:1062400059EC108B1646FFF713FC044630B9024692
:10625000234B244840F20F3101F026FDC9F30A55C3
:10626000C9F313030DB143F480130193B8F1000394
:1062700023D068460093FFF70CFDDDE90012D0B192
:10628000C0F1200302FA03F30B43C24063610192A1
:10629000019BA361002B0CBF012202222261A5B148
:1062A000A5F2334505443D60C0F13500306020461D
:1062B00003B0BDE8F0836161EAE701A8FFF7E9FCFC
:1062C000019B636120300122E8E704EB8203A0F226
:1062D000324038601869FFF7BDFCC0EB4210E5E7BB
:1062E000C78B0008D88B00082DE9F04F85B0CDE9A9
:1062F000001002A9FFF756FF009803A955EC104BB8
:10630000FFF750FF019B1969009B1B69C91ADDE962
:1063100002329B1A5BEC10AB03EB4113002BCEBF98
:106320002A46C3EB03335A462F46D946CCBF02EB6D
:10633000035702EB03594B46524620463946FAF7BB
:106340008DFA41EC100B05B0BDE8F08F013970B546
:1063500049111469013102F1140300EB810103EBCF
:106360008404051FA3420CD3A31A113B23F003039B
:106370001132A24288BF002318440023884205D36B
:1063800070BD53F8046B45F8046FEBE740F8043B2D
:10639000F4E700F1140200694B11984210B511DBCB
:1063A0000ADD11F01F0107D052F8234024FA01F052
:1063B00000FA01F18C420BD102EB8303934203D824
:1063C000002010BD0346F7E753F8041D0029F5D05F
:1063D0000120F6E770B504460D4645EC104B164615
:1063E000FFF7BAFE51EC100B7EB1C5F30A53C3F1AF
:1063F0006B03002B09DD1B0503F17F55002405F518
:10640000401522462B46FAF7FFF841EC100B70BD01
:106410002DE9F04F9FB00C46179200221A9205907A
:106420004FF0000A4FF0000B0A46199211782B2901
:106430004AD038D80D2932D8082932D800293BD083
:1064400000220B92199D2A78302A40F0B3806A7896
:1064500002F0DF02582A6ED102930B9B01931AAB14
:1064600000938E4A05981BAB19A901F0B7FC10F0F8
:106470000F06044605D0062E28D1013500231995B4
:106480000B93179B002B40F08E850B9BCBB1524694
:106490000BF1004343EC102B1FB0BDE8F08F202917
:1064A000CED10132C1E72D29CAD101210B91511C56
:1064B00019915278002AC5D1179B1994002B40F0EE
:1064C000708552465B46E5E70021EFE71A9A3AB13C
:1064D00035211CA8FFF73AFF1A990598FFF708FB2A
:1064E000013E1B9A042E06D8DFE806F014031D2097
:1064F0001400DDE91CABE10548BF4BF0004B2BF06D
:1065000000431B0D1B05002BBBD1FEF729FB2223EB
:106510000360B6E7DDE91CA302F2334223F48013E3
:1065200043EA025BE7E7DFF87CB1E4E76FF0004B9A
:106530004FF0FF3ADFE7199B5A1C19925B78302B1A
:10654000F9D0002B9DD001230993199B0C930023B4
:1065500008930A931F460A2219980578A5F130037B
:10656000D9B2092928D94E49012201F062FB00283D
:1065700032D000202A4681463D460346652A01D096
:10658000452A14D11DB9099A024395D00025199CBA
:10659000621C199262782B2A77D02D2A7BD04FF07B
:1065A000000CA2F13001092940F2828019944FF0C9
:1065B0000008A2E00023C7E7082FD5BF0A99089971
:1065C00002FB013302FB013300F10100D4BF0A9347
:1065D000089301371990BFE7199B5A1C19925A78F2
:1065E0007FB381463D46A2F13003092B12D9012326
:1065F000C4E7199B5A1C19925A780130302AF8D0F6
:10660000A2F13103082B00F2D384199B0C9381462D
:1066100000200546303A00F101032AD0994400EBEE
:10662000050C2B460A2163450DD1691C0144284401
:10663000082816DC0A980A2303FB00230A93002388
:1066400018E03846DAE7082B03F1010303DC0A9E61
:106650004E430A96E7E7102BDEBF089E4E4308968E
:10666000E1E70F28EBDC08980A2303FB00230893DB
:10667000E5E72946199A501C1990527818460D469C
:10668000B1E74FF0000901237DE74FF0000CA21C99
:106690001992A27885E74FF0010CF8E7488D0008C1
:1066A000308D00080000F07F199A511C1991527822
:1066B000302AF9D0A2F1310108293FF678AF303AFB
:1066C0000E92199A0F924FF00A08199A561C1996B1
:1066D0005278A2F1300EBEF1090F39D90F99761A0E
:1066E000082E44F61F6803DC0E998845A8BF88462B
:1066F000BCF1000F01D0C8F10008002D4ED109995E
:1067000008437FF4BEAE002B7FF4D6AE692A28D0B2
:1067100025DC492A25D04E2A7FF4CEAE9B4919A804
:1067200001F07EFD00283FF4C7AE199B1B78282B93
:106730002ED197491CAA19A801F086FD052827D15A
:106740001D9BDDF870A043F0FF4B4BF4E00B98E687
:106750000E9908FB0121A1F130020E92B5E76E2AD5
:10676000DAE78C4919A801F05BFD00283FF4A4AEDC
:10677000199B8949013B19A8199301F051FD10B9E2
:10678000199B01331993DFF820B24FF0000A78E625
:10679000824801F081FA5BEC10AB72E6A8EB0903CA
:1067A0000A980993002F08BF2F46102D2C46A8BF2A
:1067B0001024F9F7AFFE092D82468B4613DC099BA6
:1067C000002B3FF45EAE099B78DD162B5FDC74492D
:1067D00001EBC301D1E9000152465B46F9F714FF12
:1067E00082468B464DE66E4B03EBC40353E91223FE
:1067F000F9F70AFF824608988B46F9F78BFE0246A6
:106800000B4650465946F9F749FD0F2D82468B46F7
:10681000D5DD099B2C1B1C44002C40F3968014F002
:106820000F030AD05E4901EBC30152465B46D1E932
:106830000001F9F7E9FE82468B4634F00F0473D06D
:10684000B4F59A7F48DD0024A0460A94A146059A33
:10685000DFF854B1222313604FF0000A0A9B002B8B
:106860003FF40FAE1A990598FFF742F9059849468B
:10687000FFF73EF905984146FFF73AF90A9905985E
:10688000FFF736F905982146FFF732F9F9E5099A3D
:10689000C5F125039342BCDB414CC5F10F0504EB68
:1068A000C50152465B46D1E90001F9F7ADFE099BEF
:1068B0005D1B04EBC504D4E900238FE71633A8DB86
:1068C000374BA9EB080803EBC808D8E9002350466A
:1068D0005946F9F7C3FF83E7324B0893002324118D
:1068E000504659461E46012C21DC0BB182468B4690
:1068F0002C49ABF1547B01EBC60152465B46D1E912
:106900000001F9F781FE284B0A460B4027498B42CC
:10691000824698D8A1F580118B4286BFDFF890B0EF
:106920004FF0FF3A02F1547B002308937AE0E2072C
:1069300005D5089BD3E90023F9F766FE0123089AE1
:106940000832013664100892CDE7EDD0644214F0AD
:106950000F020AD0124B03EBC20350465946D3E94B
:106960000023F9F77BFF82468B462411DCD01F2CD5
:1069700020DD0024A0460A94A146059A22234FF068
:10698000000A4FF0000B136068E700BF218B00087E
:10699000348D0008198B00084E8B0008F88E000813
:1069A000688C0008408C00080000F07F0000A07C8C
:1069B000FFFFEF7F14F0100318BF6A23A94E08935E
:1069C000504659460023E20704D5D6E90023F9F7DB
:1069D0001BFE0123641006F10806F4D10BB18246B8
:1069E0008B46089BB3B1CBF30A52C2F16B03002B69
:1069F00059460FDD1F2B55DD342BDEBF4FF0FF3323
:106A0000C2F14B0293404FF0000ACCBF4FF05C7BC9
:106A100003EA010B0022002350465946FAF75CF8BE
:106A20000028A6D10A9B00930C9905982B463A465C
:106A3000FFF7C6F80A9000283FF405AF099A002A2C
:106A4000A9EB0803A8BF00231293002422EAE273F3
:106A50001693A0460A9B05985968FFF709F88146E6
:106A600000283FF4F4AE0A9B1A69023203F10C01CC
:106A700092000C3001F000F94BEC10AB05981CAA09
:106A80001BA9CDE90CABFFF7D7FB1A9000283FF408
:106A9000DEAE05980121FFF729F9804648B94FF08D
:106AA0000008D4E64FF0FF3202FA03F303EA0A0AC1
:106AB000B0E71B9D1C9A002DABBF129B169B169E28
:106AC000129FACBFEF185E1B089BED1A1544664B76
:106AD000013D9D42C2F1360250DA5B1B1F2BA2EB37
:106AE00003024FF001013DDC01FA03F3139300238D
:106AF0001093BD18089BAF4216441E443B46A8BFE6
:106B00002B46B342A8BF3346002BC2BFED1AF61A7C
:106B1000FF1A129B002B16DD414605981A46FFF717
:106B2000A5F980460028BAD001461A9A0598FFF7C1
:106B3000F3F80E9000283FF48AAE1A990598FEF7F4
:106B4000D7FF0E9B1A93002D1DDC099B002B23DD24
:106B50004946169A0598FFF789F98146E0B94FF042
:106B6000000974E6C5F17F4505F57F0505F57B4510
:106B7000E23501FA05F310931391BAE7002310935D
:106B800001231393B5E71A9905982A46FFF7C8F928
:106B90001A900028D9D15AE6002E07DD49460598FB
:106BA0003246FFF7BDF981460028D8D0002F08DD16
:106BB000414605983A46FFF7B3F9804600283FF46E
:106BC00046AE1A9905984A46FFF732FA044600285D
:106BD0003FF43DAEC3680F930023C3604146FFF707
:106BE0000BFA002846DA0F9B53EA0A036CD1CBF369
:106BF0001303002B68D12BF000431B0D1B05B3F1D1
:106C0000D66F61D9636913B92369012B5CDD214615
:106C100001220598FFF784F941460446FFF7ECF995
:106C2000002851DD2BF00043089A1B0D1B05002A9C
:106C30006BD0B3F1D66F68D8B3F15C7F7FF69DAEB1
:106C40000A4B504659460022F9F7DEFC084B0B4030
:106C500082468B46002B7FF405AE059A22231360F3
:106C600000E600BF608D000802FCFFFF0000503905
:106C70000000F07FCDF838B065D10F9ACBF3130345
:106C80005AB39F4A93422BD1089B514603B39D4B65
:106C90005A461340B3F1D46F4FF0FF321BD81B0D8F
:106CA000C3F16B0302FA03F3994219D1964B0E9A82
:106CB0009A4202D101313FF4CAAD924B0E9A1A406A
:106CC00002F5801B4FF0000A089B002BB8D1C9E5E4
:106CD0004FF0FF33E8E71346E6E753EA0A03A1D093
:106CE000109BDBB10E9A1342EED00F9B089A5046D0
:106CF0005946BBB1FFF76EFBDDE90C0153EC102BDD
:106D0000F9F7CCFA82468B46DEE7A3F580136FEAEB
:106D1000135B6FEA0B5B4FF0FF3AD5E7139B13EA67
:106D20000A0FE1E7FFF756FBDDE90C0153EC102BEE
:106D3000F9F7B2FA0022002382468B46F9F7CCFE1F
:106D40000028C1D019E641462046FFF7CDFA57EC9E
:106D5000106B00224FF0804330463946F9F7D0FEE1
:106D600000286FD00F9B002B7AD1BAF1000F58D1B9
:106D70000E9BC3F31303002B5AD1644B0022304601
:106D80003946F9F7B3FE002859D130463946604BF1
:106D90000022F9F739FC06460F4607F10043069634
:106DA0000793DDE90623574DCDE910230E9B1D40C7
:106DB000584B9D4240F0B2800E9BA3F1547B4BECAC
:106DC00010ABFFF7C9F9DDE9062351EC100BF9F719
:106DD0001BFC52465B46F9F761FA0B4649494E4A9D
:106DE00019409142824642D90D9A474B9A4203D1AB
:106DF0000C9B01333FF42BADDFF80CB14FF0FF3AA1
:106E00001A990598FEF774FE05984946FEF770FE3C
:106E100005984146FEF76CFE05982146FEF768FE90
:106E200018E6BAF1010F03D10E9B002B3FF4A5AD7C
:106E30009FED2B7B354F8DED067B0026B1E7344F60
:106E40000026AAE7324B304639460022F9F7DCFB30
:106E50000F9B06460F46002B9FD0CDE90667A0E7A3
:106E60009FED217B8DED067B57EC176B99E703F1C6
:106E7000547B089BCDF838B0002BC1D12BF00043D8
:106E80001B0D1B059D42BBD130463946F9F71CFF4F
:106E9000F9F78CFB02460B4630463946F9F7FCF908
:106EA0000B460246CDE90C23CBF313060F9B46EAB3
:106EB0000A061E436FD00EA3D3E90023F9F716FE8E
:106EC00000287FF4CFAC0CA3D3E90023DDE90C014B
:106ED000F9F72AFE002893D0C4E400BFAFF3008086
:106EE000000000000000F0BF000000000000F03FC4
:106EF0009535A094FFFFDF3F35E5AF350000E03F5B
:106F0000FFFF0F000000F07FFFFFEF7F0000F03F6A
:106F10000000E03F0000E07FFFFF9F7C089B23B361
:106F2000B5F1D46F21D828A3D3E9002330463946E0
:106F3000F9F7E6FDA0B139463046F9F73DFE0128E4
:106F400038BF0120F9F7E6FA0F9B06460F46FBB95A
:106F500001F1004314901593DDE91423CDE91023CA
:106F6000119B03F1D6635B1B11939DED0C0BDDE9C7
:106F700010ABFFF7F1F8504653EC102B5946F9F7D8
:106F800043FBDDE90C23F9F789F982468B4670E76C
:106F9000CDE91467E0E70EA3D3E90023F9F7A6FDD6
:106FA00098E700230B93179A199B1360FFF76DBAAC
:106FB000652A3FF466AB452A3FF463AB0123FFF734
:106FC0009EBB00BFAFF300800000C0FFFFFFDF41AA
:106FD0009535A094FFFFCF3F014BFFF719BA00BFD3
:106FE00068000020242B2DE9F0478646904601D802
:106FF000012B06D1FDF7B4FD162303600020BDE888
:10700000F08734480D462A4615F8014B065D16F008
:107010000806F8D12D2C2DD12C780126951C33F0A3
:10702000100209D1302C2AD12A7802F0DF02582A26
:1070300025D16C781023023506F1004C0CF1FF3C91
:107040000022BCFBF3F9104603FB19CAA4F1300778
:10705000092F1BD83C46A34227DD571C07D081458A
:1070600020D301D1A2451DDB00FB0340012215F80E
:10707000014BEBE72B2C04BF2C78951CCFE7002BA2
:10708000DAD1302C0CBF08230A23D5E7A4F141073D
:10709000192F01D8373CDEE7A4F16107192F04D876
:1070A000573CD8E74FF0FF32E1E7531C08D12223C9
:1070B000CEF800306046B8F1000FA0D0691E06E09F
:1070C00006B14042B8F1000F99D0002AF6D1C8F8B5
:1070D000001094E7898D0008FFF784BF2DE9F04781
:1070E0008E681F46BE420B6882460C4690462DD8DD
:1070F000B1F90C2012F4906F26D06569096905EB8F
:107100004505A3EB010905EBD5757B1C4B446D10C0
:107110009D4238BF1D46530527D52946FEF71CFC66
:10712000064660B321694A4600F0A6FDA38923F410
:10713000906343F08003A381266165614E44A5EB13
:1071400009052660A5603E46BE4200D93E4620683D
:107150003246414600F053FDA3689B1BA3602368A1
:10716000334423600020BDE8F0872A4601F019F976
:1071700006460028E0D121695046FEF779FB0C2332
:10718000CAF80030A38943F04003A3814FF0FF30D9
:10719000E9E700002DE9F04F98468B891B069DB06A
:1071A00007460D46144610D50B6973B94021FEF70A
:1071B000D3FB2860286130B90C233B604FF0FF30CF
:1071C0001DB0BDE8F08F40236B610023099320239D
:1071D0008DF82930CDF80C803023DFF89C818DF8B4
:1071E0002A304FF0010923469A4613F8012B0AB1C1
:1071F000252AF9D1BAEB040B0BD05B46224629466F
:107200003846FFF76BFF013000F0A780099A5A4417
:1072100009929AF80030002B00F09F8000234FF075
:10722000FF32CDE905230AF1010A049307938DF893
:1072300053301A935446052214F8011B4E48F8F7B0
:10724000CFFF049AD8B9D00644BF20238DF853301D
:10725000110744BF2B238DF853309AF800302A2BA6
:1072600015D0079A544600204FF00A0C214611F819
:10727000013B303B092B4BD9B0B1079214E0A0EB96
:10728000080309FA03F313430493A246D2E7039BCE
:10729000191D1B680391002BBBBF5B4242F0020229
:1072A00007930793B8BF049223782E2B0AD16378F3
:1072B0002A2B32D1039B1A1D1B68039243EAE37306
:1072C00002340593DFF8C0A0217803225046F8F776
:1072D00087FF38B1049BA0EB0A0040228240134391
:1072E0000134049314F8011B24488DF82810062259
:1072F000F8F776FF002836D0214B1BBB039B0733E2
:1073000023F0070308330393099B334409936AE787
:107310000CFB02320C460120A8E700230134059340
:1073200019464FF00A0C204610F8012B303A092A72
:1073300003D9002BC6D00591C4E70CFB01210446FC
:107340000123F0E703AB00932A460E4B04A938460D
:10735000FCF780FC421C0646D6D1AB895B063FF5A4
:107360002DAF09982CE703AB00932A46054B04A9DF
:107370003846FCF707FFEDE7898E0008938E00087A
:10738000553C0008DD7000088F8E000838B54B1C96
:10739000144603D14FF0FF35284638BD938923F0BA
:1073A000200393815368526BCDB28AB1A26B9A428B
:1073B00008DD23685A1E226003F8015C636801330C
:1073C0006360E9E7214600F0E0FB0028F1D0E1E747
:1073D0002169226841B1914206D212F8011CA942EA
:1073E00002D1013A2260EAE7C4E90F2304F1440321
:1073F00063630323A363234603F8465F23600123EB
:10740000DEE710B50C46496B69B104F144039942BB
:1074100001D0FEF72DFA236C63600020606313B186
:10742000E36B236010BD2369236000236360A3899D
:1074300043F02003A3814FF0FF30F3E72DE9F0473D
:107440000C46ADF5227D0021CDE94411A549A0915E
:107450000DF10408A449A54FCDF818810646A19165
:1074600000931378002B00F05881F95C11F00801AB
:1074700002F1010519D06368002B0FDD23681A782B
:10748000BA5C120701D42A46EBE7459A01324592CD
:1074900062680133013A62602360ECE7A19B2146F8
:1074A000304698470028E9D0EDE7252B12D09946C1
:1074B0006368002B40F39380226813784B4540F0BB
:1074C0002C816368013B6360459B0132013322607C
:1074D0004593D8E74191439153782A2B02BF10235B
:1074E000951C41930A22A94619F8011BA1F130030A
:1074F000092B1ED9DFF8F8A103225046F8F770FED9
:1075000038B1419AA0EB0A00012383401343419311
:107510004D4615F8013B782B06D8572B10D8252B54
:10752000C5D057D8002B65D0032347930A23429335
:1075300078E0439B02FB0311303943914D46D2E77B
:10754000A3F15802202AEFD801A151F822F000BF80
:107550000376000829750008297500085D76000883
:107560002975000829750008297500082975000883
:107570002975000829750008297500087376000828
:1075800059760008DB750008DB750008DB7500081C
:107590002975000815760008297500082975000866
:1075A0002975000829750008837600081D760008F3
:1075B000FB75000829750008297500087F7600080A
:1075C00029750008597600082975000829750008F2
:1075D00003760008453B022BA6D8052321E0A19B9A
:1075E00021463046984700283FF466AF449800286B
:1075F00040F08B804FF0FF308BE0419A42F0200248
:107600004192419A42F40072419210226E2B4292B2
:1076100002D905E000234293032302E008234293AA
:10762000042347936368002B39DD419B590604D43A
:1076300023681A78BA5C120738D4479B022B47DCC0
:107640006B46224641A9304600F06CF8012864D010
:1076500002287FF418AFC9E70A22D7E72946404637
:1076600000F05AFA419B43F0400341930546012341
:10767000D7E7419B43F0400341930023D1E7022326
:10768000CFE74198C3063FF5FEAE009B459A191D12
:1076900000911B68C0074CBF1A801A60F3E6A19BDB
:1076A0002146304698470028BFD09FE7459A0132CF
:1076B00045926268013A002A626002DD013323606C
:1076C000B6E7A19B2146304698470028B0D08DE709
:1076D000042B0FDC6B46224641A9304600F07CF8B3
:1076E000B4E700BF8D73000803740008898D00089B
:1076F0008F8E00080A4B002B3FF4C5AE6B46224626
:1077000041A93046FCF75EFEA0E7A3895B063FF582
:1077100071AF0DF5227DBDE8F0874498F9E700BF11
:10772000C54300082DE9F84315468A6880460C4693
:1077300032B98A69002A14BF4FF0FF3201228A60F1
:107740002268DFF89090D1065FBF1A68111D19609A
:1077500016680027A06988B1012807D12B681A781C
:1077600063699B5C53B9002F31D022E0022820D1FD
:107770002B681B7819F803301B071AD42368DA0624
:107780005EBF2B681B7806F8013B2A686B680132E4
:107790002A60A268013B013A6B600137A26042B1E6
:1077A000002BD7DCD4F88031294640469847002882
:1077B000D0D0236813F0100305D1E2680132E260F3
:1077C000A26902B1337023693B4423610020BDE804
:1077D000F88300BF898D00082DE9F04F9846744B5F
:1077E0000C468246164693E8070087B003AB83E851
:1077F0000700704BA169704A032908BF1A46A368A5
:1078000001925A1EB2F5AE7F88BF6FF4AE7527465F
:1078100082BF03EB050940F25D13A36057F81C3BE0
:1078200043F4506398BF4FF0000923603D464FF08A
:10783000000B316803AB097853F82B000222F8F7EC
:10784000CFFC28B3BBF1010F59D162682AB9226875
:10785000082142F4007261602260226822F4A06272
:107860002260A268511EA16092B13268511C316041
:10787000127805F8012B7268013A002A726007DC61
:10788000D4F88021314650469047002840F085804A
:107890000BF1010BBBF1030FCBD163680BB90A23CA
:1078A0006360636845496069C91A00F035F94FF0B3
:1078B000000BA3682268002B3DD03168606991F805
:1078C00000C010F80C00002835D0BCF1300F24D1D6
:1078D000100522D50BF1010BB9F1000F03D00133D4
:1078E00009F1FF39A3607368013B002B73601BDD56
:1078F000336801333360A368013BA360D9E7BBF170
:10790000020FAED1226802F4C061B1F5007FBFD191
:107910001021616042F48072A2E722F410622260BA
:107920000B7805F8013BDEE7D4F88031314650464C
:1079300098470028DFD02368D9050DD5BD4209D965
:1079400015F8011CD4F87C3132465046984705F1B1
:10795000FF394D46BD4228D0226812F0100213D1E3
:107960002A706368019E39465046B047D8F8003007
:1079700021681A1DC8F8002011F0200F1B680FD0D5
:107980001860E3680133E3602369ED1B5D442B4419
:107990002361002007B0BDE8F08F4FF0000BCAE76D
:1079A000CA074CBF18801860EBE70120F2E700BF60
:1079B000E88A0008D9700008DD840008AA8E000853
:1079C000B1F90C202DE9F041160705460C4654D4B8
:1079D0004B68002B02DC0B6C002B48DDE66A002EA6
:1079E00045D0002312F480522F68216A2B6030D0DA
:1079F000626DA389590705D56368D21A636B0BB111
:107A0000236CD21A0023E66A216A2846B047431C39
:107A1000A38906D129681D292BD82A4A0A41D607ED
:107A200027D400226260D9042269226004D5421C56
:107A300001D12B6803B96065616B2F60B9B104F1A6
:107A40004403994202D02846FDF712FF00236363E6
:107A50000DE001232846B0470246501CC9D12B68CF
:107A6000002BC6D01D2B01D0162B1ED12F6000205D
:107A700022E043F040031BB21BE00F69002FF6D059
:107A800093070E6808BF4B690F6018BF0023A6EB71
:107A900007088B60B8F1000FE9DD216AA66A43464A
:107AA0003A462846B047002808DCB4F90C3043F0C9
:107AB0004003A3814FF0FF30BDE8F0810744A8EBFD
:107AC0000008E7E7FEFFBFDF38B50B6905460C4647
:107AD00013B90025284638BD18B1036A0BB9FCF765
:107AE00011FFB4F90C30002BF3D0626ED00704D430
:107AF000990502D4A06DFDF75EF828462146FFF7F0
:107B00005FFF636EDA070546E4D4A3899B05E1D4E1
:107B1000A06DFDF751F8DDE770B50B7804465E2BDC
:107B20000BBF4B784A1C8A1C002108BF0121013879
:107B300004F1FF0500F8011FA842FBD10BB9501E4C
:107B400070BD81F00101E1541046024612F8015B5C
:107B50002D2D05D05D2D16D0002DF1D02B46F2E74E
:107B600046785D2EFAD0B342F8DC02301A46013274
:107B70009642A154FBDCF21A013A5D1CB342A8BF45
:107B80000022AB18E1E71046DAE72DE9F0410C4698
:107B9000496B04F1440399421DD14FF48061FDF714
:107BA000DBFE18B94FF0FF30BDE8F0814FF4806381
:107BB000A36394F84630606380F8FF3394F845304F
:107BC00080F8FE3394F8443080F8FD3300F2FD3045
:107BD00020600020E8E7A66B77003A4600F0E1FB62
:107BE00005460028DED000EB060801463246404636
:107BF00000F042F8C4E90D57C4F80080E9E7884274
:107C000010B501EB020402D98442234607D8431E73
:107C1000A14208D011F8012B03F8012FF8E7024424
:107C200001468A4200D110BD13F8014D02F8014D02
:107C3000F7E710B56AB10139841810F8012B11F873
:107C4000013F9A4203D1A04201D0002AF5D1D01AB7
:107C500010BD1046FCE7000038B5064D0023044671
:107C600008462B60F9F7CEFC431C02D12B6803B108
:107C7000236038BD8C0A00200A44914200F1FF3392
:107C800000D1704710B511F8014B03F8014F914234
:107C9000F9D110BD000000009FED010B704700BF3F
:107CA000000000000000F87F1FB514461A46094B7B
:107CB0001B680546D86854B9074B1C46CDE901340A
:107CC00000912B46054900F019FC00F029FC044BFB
:107CD000F4E700BF18000020F88E0008CA8E0008E4
:107CE000BD8E000870B5A1FB02543CB92946FDF7D2
:107CF00033FE064628B90026304670BD0C220260CD
:107D0000F9E72A462146FCF7C2FEF5E70369B3EB23
:107D1000611F2DE9F0434FEA611200F1140445DDC3
:107D200011F01F0104EB830604EB82050CD100F176
:107D300010072946B14234D39B1A9B00EA1E964293
:107D400038BF0023234415E054F82270C1F1200805
:107D5000CF4005F1040EA1467645F44615D89A1A8F
:107D60009200043A0135AE4238BF0022A318A75052
:107D700007B104331A1BA3424FEAA20208BF002333
:107D8000026108BF4361BDE8F083DCF800C00CFA73
:107D900008FC4CEA070749F8047B5EF8047BCF40F7
:107DA000DAE751F804CB47F804CFC3E72346E1E70D
:107DB000A0F13003092B02D82038C0B27047A0F1DF
:107DC0006103052B01D84738F7E7A0F14103052BE4
:107DD00001D82738F1E70020704700002DE9F04F67
:107DE00085B08A4602930B68019090469C1CA14680
:107DF00014F8010B3028FAD0A9EB0303A3F1020B0E
:107E0000FFF7D6FF0546002868D1A0490122484661
:107E1000FFF70FFF0746002867D199F801002646B3
:107E2000FFF7C6FF002862D023461878302899460D
:107E300003F10103F9D0FFF7BBFFB0FA80F56D093C
:107E40004FF0010B4A46164601323078FFF7B0FF7B
:107E50000028F8D18D4901223046FFF7EAFE0028BC
:107E60003FD144B9741C2246164601323078FFF7E0
:107E70009FFF0028F8D1A41BA700337803F0DF038D
:107E8000502B3ED173782B2B33D02D2B34D0711C3B
:107E900000240878FFF78CFF431EDBB2182B30D884
:107EA000A0F1100211F8010FFFF782FF00F1FF3C73
:107EB0005FFA8CFCBCF1180F4FF00A031ED904B115
:107EC00052421744CAF80010EDB1BBF1000F0CBFCD
:107ED00006250025284605B0BDE8F08F00252C4674
:107EE000B0E7002CC7D12746C7E74E462F460125ED
:107EF000C3E70024B11CCCE70124FBE703FB02002D
:107F0000CEE73146DEE7A6EB0903013B2946072B06
:107F10000ADC0198FDF7ACFD044640B95C4B024613
:107F2000E4215C48FFF7C0FE01315B10EFE700F190
:107F3000140A002355469B46B14537D345F804BB88
:107F4000A5EB0A05AD1025615846FDF783FE6D01CE
:107F5000D8F800602D1AB54254DDAD1B29462046E5
:107F6000FEF717FA814678B16B1E591103F01F0214
:107F70005AF821104FF0010909FA02F20A4203D01F
:107F80004B4536DC4FF0020929462046FFF7BEFE7E
:107F90002F44D8F80830BB4242DA01982146FDF759
:107FA000A7FD0E9A00231360A32593E716F8012D71
:107FB0002E2A12D0202B04D145F804BB4FF0000B21
:107FC0005B4630780393FFF7F3FE039B00F00F004E
:107FD00098404BEA000B0433AEE7B145EAD82B4991
:107FE000039301223046FFF724FE039B0028E1D1D2
:107FF000A2E7A91E2046FEF7CCF90028C2D04FF018
:108000000309C1E709DA751B214601982A46FDF7E5
:1080100087FF7F1B044600F1140A4FF00009B8E700
:10802000D8F80450BD426FDDED1BAE4234DCD8F809
:108030000C30022B22D0032B24D0012B15D1AE42C1
:1080400013D1012E0BD1029AD8F80430136001230A
:108050002361CAF800300E9B62251C603AE7711E4E
:108060002046FEF796F90028EDD101982146FDF74C
:108070003FFD0E9A0023136050252BE70F9B002B2A
:10808000F3D1E0E70F9B002BDDD1EEE7308D000848
:10809000C78B0008F98E00086F1EB9F1000F30D1B0
:1080A00027B139462046FEF774F981467A1101233B
:1080B0005AF8222007F01F07BB40134229462046EA
:1080C00018BF49F00209FFF721FED8F80470761BAB
:1080D0000225B9F1000F47D0D8F80C30022B15D08B
:1080E000032B17D0012B09D119F0020F06D0DAF8B3
:1080F000003049EA030919F0010F0ED145F01005CF
:1081000032E04FF00109D1E70125E2E70F9BC3F10F
:1081100001030F930F9B002BF0D0D4F810B004F1A3
:1081200014034FEA8B0A03EB8B014FF0000C184647
:1081300053F8042BB2F1FF3F1BD001320260022D35
:1081400004F114033CD1D8F80020013AB24209D11D
:108150007111012253F8213006F01F0602FA06F6CB
:108160001E423AD145F020050E9B1C60029B1F6009
:10817000B0E6994243F804CCD9D8A3689B4517DBF5
:10818000616801980131FDF773FC814618B91A4BFB
:1081900002468421C5E62269023204F10C019200F4
:1081A0000C30FFF769FD21460198FDF7A1FC4C4614
:1081B00023695A1C04EB8303226101225A61BEE742
:1081C00022695A450BDD01212046FFF79FFDD8F8B3
:1081D00008300137BB42FFF6E0AE0125C2E716F0DA
:1081E0001F06FAD05344C6F1200653F8040CFDF7DD
:1081F00031FDB042E7DBF0E7C78B0008C2F10802AF
:10820000920070B5C2F120064368046803FA06F5CF
:108210002C43D340046040F8043F8842F4D370BD3F
:1082200030B50368013311F8014B14B90360012024
:1082300030BD13F8012BA2F14105192D98BF203252
:10824000A242F0D00020F3E72DE9F04F0B6801685F
:108250005E1102EB860613F01F0387B018BF0436C9
:108260000025371F82469046019346F8045CB946C4
:108270003C460295AB464A784B1C039342B31046EA
:1082800005910492FFF794FD002851D1049A0599B5
:10829000202A18D8029B9B4513DD4C4506D2072D9A
:1082A00004DC2A4649462046FFF7A8FF444552D938
:1082B0000023A4F1040944F8043CCDF808B04C466E
:1082C0001D460399D7E7292A57D10231CAF8001071
:1082D000BBF1000F51D04C4506D2072D04DC2A46D5
:1082E00049462046FFF78AFF444536D9A8F10402E3
:1082F000234653F8041B42F8041F9F42F9D23B1B4C
:1083000023F0030304330134033EB44288BF042343
:108310004344002243F8042B9F42FBD23B681BB925
:10832000474528D101233B60052007B0BDE8F08F09
:108330000135082D0BF1010B06DD4445C1D90023A1
:1083400044F8043C0125043C226800F00F0040EA98
:1083500002102060B5E70825B3E7019B002BDDD0B4
:10836000C3F120034FF0FF32DA4056F8043C1340CB
:1083700046F8043CD2E7043FD0E70420D5E782B0BA
:1083800001B901A942B14BB113780B601278101EEC
:1083900018BF012002B070471046FBE76FF00100E4
:1083A000F8E72DE9F041804615460C4621B9BDE8B5
:1083B000F0411146FDF7D0BA2AB9FDF759FA002469
:1083C0002046BDE8F08100F0B2F88542064602D8AA
:1083D000B5EB500FF4D829464046FDF7BDFA0746E5
:1083E0000028ECD0B5422A46214628BF3246FFF786
:1083F00043FC21464046FDF73BFA3C46E0E70000DF
:108400002DE9F043344E86460D46284615F8014BBB
:10841000375D17F00807F8D12D2C2FD12C780127C4
:10842000851C33F0100009D1302C2CD1287800F0B5
:10843000DF00582827D16C78102302354FF0FF3821
:108440000026B8FBF3F803FB08F96FEA0909304688
:10845000A4F1300CBCF1090F1CD86446A3422ADDFC
:10846000B6F1FF3F07D0804522D301D1A1451FDBE4
:1084700000FB0340012615F8014BE9E72B2C04BF54
:108480002C78851CCDE7002BD8D1302C0CBF0823CD
:108490000A23D3E7A4F1410CBCF1190F01D8373CF2
:1084A000DCE7A4F1610CBCF1190F04D8573CD5E707
:1084B0004FF0FF36DFE7731C06D12223CEF80030E1
:1084C000304632B9BDE8F08307B14042002AF9D006
:1084D00006B1691E1160F5E7898D0008FFF790BFAE
:1084E0000346084641B1FF2A04D98A221A604FF098
:1084F000FF3070470A700120704700000EB403B5CA
:10850000014603AB054853F8042B0068019300F0C3
:108510003FF802B05DF804EB03B07047180000208C
:1085200008B5062000F008FA0120F8F7F3FF51F82B
:10853000043C181F002BBCBF0B58C0187047936831
:10854000013B002B10B4936008DA9469A34201DB6D
:108550000A2903D15DF8044B00F032B91368581CA6
:108560001060197008465DF8044B7047F8B5064670
:108570000F461446D518AC4201D1002007E014F88C
:10858000011B3A463046FFF7DAFF431CF3D1F8BD32
:108590002DE9F04F0D469DB014469846064618B199
:1085A000036A0BB9FCF7AEF96B6ED90705D4AB893A
:1085B0009A0502D4A86DFCF7FEFAAB891B0701D51A
:1085C0002B699BB92946304600F038F970B16B6EC3
:1085D000DC0704D54FF0FF301DB0BDE8F08FAB894C
:1085E0009805F7D4A86DFCF7E7FAF3E700230993A1
:1085F00020238DF82930CDF80C803023DFF8AC81B2
:108600008DF82A304FF0010923469A4613F8012BC2
:108610000AB1252AF9D1BAEB040B0BD05B462246EE
:1086200029463046FFF7A2FF013000F0A780099AE3
:108630005A4409929AF80030002B00F09F800023E2
:108640004FF0FF32CDE905230AF1010A04930793A5
:108650008DF853301A935446052214F8011B5348E1
:10866000F7F7BEFD049AD8B9D10644BF20238DF890
:108670005330130744BF2B238DF853309AF8003042
:108680002A2B15D0079A544600204FF00A0C214699
:1086900011F8013B303B092B4BD9B0B1079214E0E4
:1086A000A0EB080309FA03F313430493A246D2E7AD
:1086B000039B191D1B680391002BBBBF5B4242F05B
:1086C000020207930793B8BF049223782E2B0AD196
:1086D00063782A2B32D1039B1A1D1B68039243EA4D
:1086E000E37302340593DFF8D4A0217803225046C7
:1086F000F7F776FD38B1049BA0EB0A0040228240D8
:1087000013430134049314F8011B29488DF82810F1
:108710000622F7F765FD00283FD0264B1BBB039BC5
:10872000073323F0070308330393099B3B44099362
:108730006AE70CFB02320C460120A8E70023013453
:10874000059319464FF00A0C204610F8012B303AD9
:10875000092A03D9002BC6D00591C4E70CFB0121DF
:1087600004460123F0E703AB00932A46124B04A909
:108770003046FBF76FFA0746781CD6D16B6ED907E7
:1087800005D4AB899A0502D4A86DFCF715FAAB891C
:108790005B063FF51FAF09981EE703AB00932A461F
:1087A000054B04A93046FBF7EDFCE4E7898E000891
:1087B000938E0008553C00086D8500088F8E0008D8
:1087C000F8B50E461446054618B1036A0BB9FCF716
:1087D00099F8A369A360A3891A0701D5236943B94E
:1087E0002146284600F02AF818B14FF0FF373846E6
:1087F000F8BD23682269981A6369F6B28342374646
:1088000005DC21462846FFF75FF90028EDD1A36873
:10881000013BA36023685A1C22601E706269431CDE
:108820009A4204D0A389DB07E1D50A2EDFD1214685
:108830002846FFF749F90028D9D0D6E738B5294BA3
:10884000054618680C4618B1036A0BB9FCF75AF8CC
:10885000B4F90C30190722D4DA0607D409222A60A9
:1088600043F04003A3814FF0FF3033E0580712D5A7
:10887000616B41B104F14403994202D02846FCF7F0
:10888000F7FF00236363A38923F02403A38100235C
:10889000636023692360A38943F00803A3812369EC
:1088A0004BB9A38903F42073B3F5007F03D02146AD
:1088B000284600F083F8B4F90C3013F001020AD016
:1088C0000022A26062695242A261226942B913F099
:1088D0008000C5D138BD990758BF6269A260F4E72E
:1088E0000020F7E7180000201F2938B505460C4680
:1088F00004D9162303604FF0FF3038BDC26B12B1AC
:1089000052F821304BB9284600F030F82246014693
:108910002846BDE8384000F017B8012B0AD0591C92
:1089200003D1162303600120E7E7002142F8241059
:10893000204698470020E0E7024B01461868FFF701
:10894000D3BF00BF1800002038B5074D00230446F0
:10895000084611462B60F8F7CDFD431C02D12B6869
:1089600003B1236038BD00BF8C0A0020F8F7BABD00
:1089700070B50C46B1F90E10002996B015461E468A
:108980000DDAA38913F0800F4FF0000114BF4023CC
:108990004FF48063002031602B6016B070BD6A46D2
:1089A00000F048F80028ECDB019901F47041A1F5D2
:1089B0000053594259414FF48063EBE78B89F7B577
:1089C0009D0706460C4607D504F147032360236143
:1089D0000123636103B0F0BD01AB6A46FFF7C8FF36
:1089E000009F054639463046FCF7B6FF48B9B4F952
:1089F0000C309A05EED423F0030343F00203A38165
:108A0000E2E7A389206043F08003A381019BC4E9CE
:108A100004075BB1B4F90E10304600F01DF828B120
:108A2000A38923F0030343F00103A381A3891D431A
:108A3000A581CFE738B5074D002304460846114607
:108A40002B60F8F7B7FD431C02D12B6803B12360FC
:108A500038BD00BF8C0A002038B5064D00230446FF
:108A600008462B60F8F7B6FD431C02D12B6803B112
:108A7000236038BD8C0A0020F8B500BFF8BC08BCE4
:108A80009E467047F8B500BFF8BC08BC9E467047CC
:108A9000484949004750524D430000004750524D4D
:108AA000432C2025662C20412C2025662C204E2C82
:108AB0002025662C000000000D0A54696D65203DDC
:108AC0002025643A25643A2564204C6174697475E4
:108AD0006465203D202566204C6F6E67203D202573
:108AE000660000000D0A0A00AC8E0008AF8E000878
:108AF000B28E000800000000000000000102030424
:108B00000607080900000000010203040006101611
:108B100000061016494E4600696E66004E414E0032
:108B20006E616E0030313233343536373839414278
:108B300043444546003031323334353637383961B5
:108B400062636465660065256C6400496E66696EE3
:108B5000697479004E614E005245454E54206D6156
:108B60006C6C6F6320737563636565646564002F67
:108B70006275696C642F676E752D746F6F6C732DE1
:108B8000666F722D73746D33325F31322E332E72F5
:108B9000656C312E32303234303932362D31373146
:108BA000352F7372632F6E65776C69622F6E6577F0
:108BB0006C69622F6C6962632F7374646C69622FD5
:108BC00064746F612E630042616C6C6F6320737517
:108BD00063636565646564002F6275696C642F6703
:108BE0006E752D746F6F6C732D666F722D73746D4F
:108BF00033325F31322E332E72656C312E32303289
:108C000034303932362D313731352F7372632F6E50
:108C100065776C69622F6E65776C69622F6C69622B
:108C2000632F7374646C69622F6D707265632E6359
:108C30000000000005000000190000007D00000099
:108C40000080E03779C34143176E05B5B5B8934648
:108C5000F5F93FE9034F384D321D30F94877825A14
:108C60003CBF737FDD4F1575000000000000F03F32
:108C700000000000000024400000000000005940F7
:108C80000000000000408F40000000000088C3404A
:108C900000000000006AF8400000000080842E41BF
:108CA00000000000D01263410000000084D797410B
:108CB0000000000065CDCD41000000205FA0024211
:108CC000000000E876483742000000A2941A6D4286
:108CD000000040E59C30A2420000901EC4BCD64279
:108CE00000003426F56B0C430080E03779C3414324
:108CF00000A0D8855734764300C84E676DC1AB439A
:108D0000003D9160E458E143408CB5781DAF1544B7
:108D100050EFE2D6E41A4B4492D54D06CFF0804492
:108D2000F64AE1C7022DB544B49DD9794378EA44A7
:108D30002E00000034000000CEFBFFFFCB0300003C
:108D4000010000000000000035000000CEFBFFFF26
:108D5000CB03000001000000000000000000000044
:108D6000BC89D897B2D29C3C33A7A8D523F6493901
:108D70003DA7F444FD0FA5329D978CCF08BA5B2523
:108D8000436FAC642806681100202020202020209A
:108D900020202828282828202020202020202020AB
:108DA00020202020202020202088101010101010BB
:108DB0001010101010101010100404040404040407
:108DC00004040410101010101010414141414141A1
:108DD0000101010101010101010101010101010183
:108DE0000101010110101010101042424242424293
:108DF0000202020202020202020202020202020253
:108E000002020202101010102000000000000000FA
:108E10000000000000000000000000000000000052
:108E20000000000000000000000000000000000042
:108E30000000000000000000000000000000000032
:108E40000000000000000000000000000000000022
:108E50000000000000000000000000000000000012
:108E60000000000000000000000000000000000002
:108E700000000000000000000000000000000000F2
:108E8000000000000000000000232D302B200068AF
:108E90006C4C0065666745464700412D46612D666E
:108EA000383930313233343536375D002B2D0030D0
:108EB00030007858004300504F534958002C20662A
:108EC000756E6374696F6E3A2000617373657274B6
:108ED000696F6E2022257322206661696C65643A91
:108EE0002066696C6520222573222C206C696E65D2
:108EF000202564257325730A002F6275696C642F21
:108F0000676E752D746F6F6C732D666F722D737431
:108F10006D33325F31322E332E72656C312E32302A
:108F20003234303932362D313731352F7372632F69
:108F30006E65776C69622F6E65776C69622F6C69FC
:108F400062632F7374646C69622F6764746F612D40
:0C8F50006765746865782E6300000000FF
:088F5C008472FF7F0100000098
:048F6400C50100083B
:048F6800A10100085B
:108F6C000024F400100000000100000000000000CC
:108F7C0003000000500900201C000020000000002D
:108F8C0050090020B8090020200A00200000000031
:108F9C0000000000000000000000000000000000C5
:108FAC0000000000000000000000000000000000B5
:108FBC0000000000000000000000000000000000A5
:108FCC000000000000000000430000000000000052
:108FDC000000000000000000000000000000000085
:108FEC000000000000000000430000000000000032
:108FFC000000000000000000000000000000000065
:10900C000000000000000000430000000000000011
:10901C000000000000000000000000000000000044
:10902C0000000000000000004300000000000000F1
:10903C000000000000000000000000000000000024
:10904C0000000000000000004300000000000000D1
:10905C000000000000000000000000000000000004
:10906C0000000000000000004300000000000000B1
:10907C0000000000000000000000000000000000E4
:10908C000000000000000000430000000000000091
:10909C0000000000000000000000000000000000C4
:1090AC000000000000000000E18400087F8300083D
:1090BC0000000000888D0008308D0008F88E000834
:1090CC00F88E0008F88E0008F88E0008F88E00085C
:1090DC00F88E0008F88E0008F88E0008F88E00084C
:1090EC00FFFFFFFFFFFFFFFFFFFFFFFFFFFF000082
:1090FC0001004153434949000000000000000000FA
:10910C000000000000000000000000000000000053
:10911C0000004153434949000000000000000000DA
:10912C000000000000000000000000000000000033
:04913C00000000002F
:040000050800189D3A
:00000001FF
